,0,1,2,3,4,5,6,7,8,9,10,11,12,13,14,15,16,17,18,19,20,21,22,23,24,25,26,27,28,29,30,31,32,33,34,35,36,37,38,39,40,41,42,43,44,45,46,47,48,49,50,51,52,53,54,55,56,57,58,59,60,61,62,63,64,65,66,67,68,69,70,71,72,73,74,75,76,77,78,79,80,81,82,83,84,85,86,87,88,89,90,91,92,93,94,95,96,97,98,99,100,101,102,103,104,105,106,107,108,109,110,111,112,113,114,115,116,117,118,119,120,121,122,123,124,125,126,127,128,129,130,131,132,133,134,135,136,137,138,139,140,141,142,143,144,145,146,147,148,149,150,151,152,153,154,155,156,157,158,159,160,161,162,163,164,165,166,167,168,169,170,171,172,173,174,175,176,177,178,179
0,-33.28125,-34.484375,-35.296875,-35.8125,-35.703125,-35.453125,-35.84375,-36.484375,-37.359375,-38.34375,-39.359375,-40.3125,-40.921875,-40.859375,-40.453125,-40.453125,-40.90625,-41.546875,-42.203125,-42.65625,-42.9375,-43.109375,-43.125,-42.984375,-42.96875,-43.109375,-43.09375,-43.234375,-43.515625,-43.640625,-43.4375,-42.671875,-41.96875,-41.640625,-41.546875,-41.703125,-41.59375,-41.484375,-41.296875,-41.140625,-42.03125,-43.609375,-43.71875,-43.015625,-41.90625,-41.328125,-41.8125,-41.734375,-40.8125,-40.640625,-41.484375,-42.046875,-42.71875,-42.609375,-42.109375,-42.46875,-42.90625,-43.4375,-43.140625,-42.390625,-42.0625,-42.03125,-42.375,-42.796875,-42.75,-42.640625,-43.390625,-44.765625,-45.546875,-45.375,-44.78125,-44.40625,-43.875,-42.3125,-39.875,-38.671875,-38.625,-37.828125,-35.5,-33.484375,-33.265625,-31.578127,-27.609377,-25.08594,-23.64844,-22.24219,-20.71094,-18.781252,-16.812502,-15.312502,-14.445314,-10.429689,-4.0332046,-0.71093893,1.8334947,3.7929673,5.1508775,7.164061,8.937498,11.695311,13.249998,14.039061,14.812498,15.839842,16.378904,17.687498,18.085936,16.648436,15.777342,15.214842,14.515623,13.929686,13.417967,13.394529,13.363279,13.601561,13.503904,13.507811,13.820311,13.992186,14.054686,13.988279,14.078123,14.492186,15.230467,16.160154,17.078123,17.61328,17.542967,17.660154,17.722654,17.499998,16.996092,16.492186,16.14453,15.984373,15.878904,15.980467,16.621092,17.554686,18.781248,20.124998,21.421873,22.69531,23.968748,25.335936,26.648436,27.828123,28.984373,30.304686,31.57031,32.820312,33.929688,34.632812,35.132812,35.476562,35.234375,34.539062,33.882812,33.28125,32.460938,31.773436,31.421873,30.781248,28.617186,25.960936,23.804686,21.960936,20.60156,19.898436,19.35156,18.078123,17.527342,17.218748,16.72656,16.542967,16.355467,15.796873,14.359373,12.089842
1,-31.175877,-31.925877,-32.832127,-33.4415,-33.425877,-33.488377,-34.03525,-34.629,-35.394627,-36.050877,-36.6915,-37.28525,-37.769627,-38.269627,-38.91025,-39.6915,-40.22275,-40.613377,-40.894627,-41.050877,-41.050877,-41.207127,-41.394627,-41.457127,-41.488377,-41.582127,-41.613377,-41.425877,-41.129,-40.675877,-40.129,-39.550877,-39.207127,-39.300877,-39.457127,-39.613377,-39.91025,-40.879,-41.675877,-41.4415,-41.504,-43.0665,-44.082127,-43.97275,-43.41025,-42.675877,-42.394627,-41.84775,-40.66025,-40.72275,-42.03525,-42.8165,-43.41025,-43.1915,-43.09775,-43.707127,-44.4415,-45.050877,-44.84775,-44.988377,-45.644627,-46.332127,-46.988377,-47.269627,-47.207127,-47.379,-47.879,-48.5665,-49.207127,-49.4415,-49.254,-48.644627,-47.91025,-47.144627,-45.894627,-44.800877,-44.238377,-43.957127,-42.707127,-41.129,-41.050877,-40.879,-39.582127,-38.082127,-36.550877,-34.41025,-32.09775,-30.629002,-29.379002,-28.191502,-26.418064,-23.894627,-20.613377,-19.043064,-18.894627,-18.30869,-17.191502,-14.996189,-13.371189,-12.535252,-11.539158,-9.996189,-8.632908,-7.2735324,-5.8399386,-3.7461886,-2.1211886,0.01943636,1.7821317,3.9120145,5.302151,6.311917,6.551663,6.857327,7.053616,7.5663114,7.939358,8.4354515,8.917873,9.5917015,10.45303,11.406155,12.431545,13.449123,14.70303,15.714748,16.312405,17.00381,17.445217,17.589748,17.67178,17.648342,17.292873,16.863186,16.488186,16.152248,16.011623,15.968655,15.79678,15.64053,15.699123,16.03506,16.460842,17.199123,18.281155,19.636623,21.19131,22.706936,24.06631,25.75381,27.589748,29.44131,31.089748,31.988186,31.75381,31.050686,29.949123,28.417873,27.113186,25.59756,25.34756,25.28506,24.425686,22.777248,21.269436,19.992092,18.679592,17.570217,16.67178,16.163967,15.675686,15.273342,15.054592,14.730373,13.847561,12.941311,11.04092,8.785061,7.1170926,5.3636746
2,-29.401379,-29.338879,-29.713879,-29.760754,-29.401379,-29.542004,-30.307629,-31.229504,-32.08888,-32.604504,-33.042004,-33.385754,-33.68263,-34.08888,-34.698254,-35.02638,-35.135754,-35.479504,-35.87013,-36.08888,-36.167004,-36.323254,-36.55763,-36.74513,-37.042004,-37.55763,-38.104504,-38.323254,-38.292004,-38.448254,-38.698254,-39.02638,-39.385754,-39.542004,-39.198254,-38.87013,-39.02638,-40.010754,-41.073254,-40.83888,-39.448254,-39.604504,-41.05763,-42.15138,-42.698254,-42.30763,-41.65138,-41.323254,-40.68263,-40.885754,-41.854504,-42.37013,-42.573254,-42.15138,-42.02638,-42.68263,-43.43263,-43.667004,-43.385754,-43.823254,-44.917004,-46.12013,-46.93263,-47.323254,-47.68263,-48.05763,-48.135754,-48.24513,-48.65138,-48.99513,-49.198254,-49.12013,-49.05763,-49.229504,-48.93263,-47.979504,-47.104504,-46.93263,-46.323254,-44.698254,-43.90138,-43.885754,-44.292004,-43.448254,-42.12013,-40.58888,-38.93263,-38.18263,-37.854504,-36.354504,-34.104504,-32.385754,-31.338879,-30.979504,-30.042004,-28.760754,-27.276379,-25.823254,-24.956066,-24.268566,-23.159191,-21.573254,-19.924816,-17.596691,-15.612315,-13.737315,-11.862315,-9.831065,-7.8076277,-5.9326277,-4.3857527,-3.1748152,-2.1181746,-0.8388777,0.06932545,0.85838795,1.6191301,2.6210833,3.7783098,4.869191,6.030751,7.356435,8.857411,9.987294,11.342763,12.563466,13.575185,14.332997,15.071279,15.637685,16.290028,16.73534,17.11034,17.372059,17.590809,17.622059,17.438465,17.071278,16.582996,15.961904,15.141591,14.270497,13.829091,13.887685,14.192372,15.047841,16.532215,18.188465,20.270496,22.567371,24.911121,26.903309,28.028309,28.098621,27.809559,27.489246,26.747059,25.575184,24.286121,22.957996,22.918934,21.965809,21.082996,20.336903,19.883778,18.868153,18.149403,17.481434,16.465809,15.852529,14.961904,14.348622,12.977529,11.754872,10.118154,7.7519426,4.708974,3.1122942,2.054677,1.3710833
3,-25.648542,-25.60948,-25.750105,-25.26573,-24.39073,-24.398542,-24.992292,-25.726667,-26.10948,-26.35948,-26.601667,-26.812605,-27.281355,-28.01573,-28.89073,-29.64073,-30.093855,-30.437605,-30.64073,-30.70323,-30.687605,-30.781355,-30.95323,-31.20323,-31.64073,-32.29698,-33.125107,-33.656357,-33.98448,-34.593857,-35.312607,-36.17198,-37.01573,-37.39073,-36.968857,-36.250107,-36.07823,-36.625107,-37.500107,-38.10948,-37.60948,-37.39073,-38.375107,-39.593857,-41.04698,-41.593857,-40.82823,-40.125107,-39.32823,-38.937607,-39.031357,-39.39073,-39.718857,-40.000107,-40.750107,-41.98448,-42.64073,-42.406357,-42.031357,-42.125107,-42.82823,-43.781357,-44.468857,-44.906357,-45.500107,-46.07823,-46.218857,-46.32823,-46.98448,-47.687607,-48.031357,-48.093857,-48.000107,-48.312607,-48.82823,-48.45323,-47.625107,-47.26573,-46.906357,-45.468857,-44.000107,-43.32823,-44.54698,-44.687607,-43.85948,-42.718857,-41.406357,-40.76573,-40.17198,-39.29698,-38.437607,-37.843857,-37.98448,-37.54698,-36.67198,-35.73448,-34.875107,-34.01573,-33.01573,-31.35948,-29.343855,-27.32823,-25.429792,-23.679792,-22.23448,-20.945417,-19.906355,-18.632917,-16.867292,-15.242292,-13.632917,-12.007917,-10.507917,-8.894636,-7.363386,-5.6797924,-4.2735424,-3.093855,-1.6661205,-0.4376049,1.0370045,2.7362232,4.006731,5.359392,6.5194263,7.6532154,8.783098,9.941301,11.158098,12.329973,13.320208,14.324114,15.23427,15.870989,16.316301,16.26552,16.023333,15.39052,14.628801,13.964739,13.320208,12.986223,12.611223,12.415911,12.283098,12.876848,14.042864,15.898333,17.804583,19.929583,21.992083,24.062395,25.57802,26.14052,26.101458,25.781145,25.82802,25.695208,25.156145,24.288958,23.210833,21.437395,19.910051,18.929583,17.785051,17.226458,18.019426,16.613176,15.097551,14.308489,13.273333,11.468645,10.349504,8.023333,4.6705494,2.4344654,1.0155201,0.089738846,-0.19151115,-0.4141674
4,-21.72689,-22.055016,-22.28939,-22.219078,-22.148766,-22.72689,-23.625328,-24.359703,-24.53939,-24.78939,-24.91439,-24.97689,-25.117516,-25.390953,-25.734703,-26.047203,-26.562828,-27.140953,-27.703453,-28.265953,-28.640953,-28.672203,-28.484703,-28.500328,-28.687828,-29.125328,-29.547203,-29.922203,-30.328453,-31.062828,-31.859703,-32.656578,-33.578453,-34.359703,-34.594078,-34.250328,-34.047203,-34.422203,-34.937828,-35.719078,-36.109703,-36.140953,-36.922203,-37.687828,-38.703453,-39.406578,-38.609703,-37.656578,-37.125328,-36.312828,-35.672203,-35.797203,-36.078453,-36.890953,-38.453453,-40.140953,-40.797203,-40.797203,-40.765953,-40.812828,-41.406578,-42.297203,-42.719078,-43.140953,-43.687828,-44.031578,-43.687828,-43.156578,-43.312828,-43.750328,-43.969078,-43.953453,-43.797203,-44.015953,-44.312828,-43.969078,-42.797203,-42.109703,-42.140953,-41.484703,-40.203453,-38.969078,-40.109703,-41.172203,-41.515953,-41.547203,-41.281578,-40.500328,-39.422203,-38.219078,-37.500328,-37.703453,-38.000328,-36.984703,-35.734703,-34.656578,-33.797203,-33.234703,-32.500328,-31.297203,-29.734703,-28.172203,-26.547203,-25.047203,-23.594078,-22.234703,-21.211266,-19.719078,-17.78939,-16.078453,-14.601891,-13.187828,-11.719078,-10.281578,-8.941734,-7.6331406,-6.4261093,-5.234703,-3.9261093,-2.6682968,-1.3479843,-0.066734314,1.2242813,2.437172,3.6988907,4.8673477,5.91642,7.0141983,8.029945,9.052406,9.976234,10.941078,11.749672,12.277016,12.683266,13.101234,13.437172,13.556313,13.542641,13.437172,13.402016,13.562172,13.718422,13.839516,13.952797,13.999672,14.132484,14.550453,15.636391,17.265297,19.069984,21.214516,23.140297,24.452797,24.843422,24.27311,23.55436,23.655922,23.507484,22.788734,21.49186,19.769203,18.370766,16.972328,15.433266,15.659828,15.148109,13.200844,12.265297,11.974281,10.349281,8.736977,6.6843033,3.76725,2.046547,0.65787506,-0.42806244,-1.0315781,-1.4182968,-1.8479843
5,-18.614399,-19.497211,-20.020649,-20.153461,-20.419086,-21.145649,-21.794086,-21.919086,-21.544086,-21.606586,-21.848774,-22.106586,-22.200336,-22.215961,-22.278461,-22.590961,-23.012836,-23.161274,-23.208149,-23.450336,-23.731586,-23.903461,-23.997211,-24.176899,-24.301899,-24.442524,-24.583149,-24.942524,-25.380024,-25.895649,-26.598774,-27.551899,-28.817524,-30.270649,-31.317524,-31.614399,-31.801899,-32.223774,-32.2394,-32.39565,-32.77065,-32.880024,-33.442524,-34.223774,-35.348774,-36.45815,-36.473774,-36.098774,-36.473774,-35.755024,-34.380024,-33.9894,-34.0519,-35.3019,-36.89565,-38.255024,-38.45815,-38.317524,-38.067524,-37.6144,-37.70815,-38.098774,-38.598774,-39.098774,-39.723774,-40.2394,-40.1144,-39.661274,-39.58315,-39.6769,-39.598774,-39.692524,-39.89565,-39.786274,-39.786274,-39.411274,-38.317524,-38.036274,-38.4269,-38.536274,-37.598774,-36.442524,-36.786274,-36.89565,-36.95815,-37.317524,-37.1769,-36.317524,-35.380024,-34.1144,-32.89565,-32.880024,-32.973774,-32.02065,-31.067524,-30.411274,-29.598774,-28.598774,-27.333149,-25.723774,-24.442524,-23.286274,-22.294086,-21.434711,-20.731586,-20.051899,-19.278461,-18.169086,-16.880024,-15.8253355,-14.7315855,-13.4347105,-11.9347105,-10.739398,-9.536273,-8.4815855,-7.4854918,-6.536273,-5.5167418,-4.4190855,-3.3253355,-2.145648,-0.86049175,0.40708637,1.5867739,2.666852,3.6336489,4.671735,5.8738832,6.8104067,8.056867,9.217633,10.199079,10.988141,12.035993,13.391461,14.573102,15.625836,16.506695,16.924664,17.010601,16.655132,15.991071,15.319196,14.901227,14.510602,14.035993,13.764508,13.516461,13.9871645,15.385602,17.323101,19.252789,21.162945,22.119976,22.077007,21.284039,20.686382,20.319195,18.971539,17.444195,15.948102,15.473493,15.098493,14.522321,14.983258,14.524274,11.166852,8.761579,7.7099733,7.3028383,6.6556215,5.573102,4.202985,2.1805239,-0.038226128,-1.0870543,-1.5284605,-2.520648,-3.4190855
6,-15.146652,-15.51384,-15.51384,-15.271652,-15.48259,-16.10759,-16.521652,-16.45134,-16.54509,-16.959152,-17.45134,-17.873215,-18.091965,-18.459152,-19.060715,-19.623215,-19.912277,-19.935715,-20.052902,-20.381027,-20.709152,-20.865402,-20.998215,-21.224777,-21.54509,-21.95134,-22.302902,-22.537277,-22.709152,-22.896652,-23.240402,-23.881027,-24.881027,-26.021652,-27.068527,-27.615402,-28.021652,-28.459152,-28.552902,-28.459152,-28.646652,-28.818527,-29.381027,-30.334152,-31.474777,-32.974777,-34.037277,-34.615402,-35.740402,-35.724777,-34.271652,-33.224777,-32.990402,-33.959152,-34.396652,-34.865402,-34.521652,-33.943527,-33.412277,-33.068527,-32.990402,-32.881027,-32.677902,-32.537277,-32.865402,-33.131027,-32.834152,-32.318527,-32.256027,-32.193527,-31.974777,-32.193527,-32.849777,-33.006027,-33.052902,-32.943527,-32.412277,-32.193527,-32.724777,-34.099777,-33.709152,-32.568527,-32.584152,-31.990402,-31.381027,-30.834152,-30.287277,-29.724777,-29.552902,-28.506027,-27.068527,-26.584152,-26.318527,-25.412277,-24.459152,-23.709152,-23.006027,-22.529465,-22.334152,-22.224777,-21.990402,-21.474777,-21.256027,-20.943527,-20.10759,-19.01384,-18.029465,-17.07634,-15.959152,-14.849777,-13.779465,-12.685715,-11.709152,-10.810715,-10.029465,-9.146652,-8.17009,-7.1857147,-6.2169647,-5.236496,-4.095871,-2.8536835,-1.5919647,-0.31852722,0.8064728,1.7752228,2.7361603,3.9002228,5.1980743,6.430496,7.732254,9.00148,10.222977,11.299637,12.32991,13.214676,14.220535,14.935379,15.099442,14.714676,14.099442,13.167801,12.193192,11.184402,10.351395,9.976395,9.798172,9.722,10.089188,10.779129,12.220535,13.888504,15.468582,16.970535,17.810379,17.822098,17.474442,17.115067,16.86116,15.851395,14.511551,13.126785,12.509598,12.379715,12.744949,13.171707,13.529129,12.820145,10.724442,7.9031525,6.5594025,5.9744415,5.305496,4.511551,3.622879,2.1736603,0.31819153,-1.3419647,-2.5607147,-3.814621
7,-14.763956,-14.779581,-14.490519,-14.076456,-13.904581,-14.053019,-14.248331,-14.053019,-14.099894,-14.334269,-14.529581,-14.771769,-15.053019,-15.638956,-16.295206,-16.826456,-17.240519,-17.584269,-18.006144,-18.553019,-19.279581,-20.076456,-20.834269,-21.513956,-21.920206,-22.115519,-22.178019,-22.381144,-22.412394,-22.388956,-22.717081,-23.115519,-23.513956,-24.068644,-24.709269,-25.287394,-25.709269,-26.365519,-26.771769,-26.521769,-26.334269,-26.224894,-26.240519,-26.318644,-26.303019,-27.084269,-28.303019,-29.068644,-30.006144,-30.662394,-30.365519,-29.474894,-28.724894,-28.662394,-28.334269,-28.256144,-27.615519,-27.053019,-26.818644,-27.396769,-27.537394,-27.459269,-27.318644,-27.490519,-27.506144,-27.428019,-26.756144,-25.771769,-25.303019,-25.178019,-24.771769,-24.584269,-24.724894,-25.037394,-25.131144,-25.146769,-24.849894,-24.521769,-24.443644,-25.428019,-25.599894,-25.224894,-25.162394,-24.881144,-24.646769,-24.865519,-25.271769,-25.678019,-25.849894,-24.459269,-23.388956,-22.365519,-22.013956,-21.248331,-20.623331,-20.240519,-19.904581,-19.967081,-19.959269,-19.701456,-19.459269,-18.920206,-18.170206,-17.607706,-16.842081,-16.209269,-15.482706,-14.740519,-13.959269,-13.013956,-11.974894,-11.138956,-10.373331,-9.576456,-8.646769,-7.513956,-6.4905186,-5.5061436,-4.467081,-3.279581,-2.0647373,-0.86551857,0.09151268,1.0876064,2.097372,3.2262783,4.3200283,5.27413,6.2106533,7.0426846,7.647665,8.092855,8.958944,9.782919,10.39913,10.185751,9.612997,8.947226,7.517538,6.2594814,5.4313564,4.8571377,4.6393642,4.5651455,4.5768642,4.791708,4.937216,5.8512783,6.843954,8.00643,9.420614,10.641317,11.866903,12.812216,13.409872,13.65206,13.71456,14.138388,14.353231,14.321981,13.945028,13.310263,12.3463955,11.412802,10.101278,9.430868,8.9731045,10.52706,11.038778,10.974325,9.868368,8.805868,6.727255,5.064169,3.5837002,2.5368252,1.378622,0.11104393,-1.0334873,-2.404581
8,-14.59576,-14.486385,-14.205135,-13.666073,-13.681698,-14.03326,-14.259823,-14.056698,-14.119198,-14.291073,-14.587948,-14.869198,-15.166073,-15.50201,-15.798885,-15.830135,-15.837948,-15.87701,-16.009823,-16.275448,-16.642635,-17.22076,-17.90826,-18.50201,-18.90826,-19.111385,-19.369198,-19.697323,-20.119198,-20.43951,-20.75201,-21.173885,-21.572323,-21.884823,-22.486385,-23.298885,-23.955135,-24.384823,-24.916073,-24.869198,-24.494198,-23.955135,-23.697323,-23.611385,-23.166073,-22.994198,-23.525448,-24.462948,-24.712948,-25.306698,-25.509823,-24.541073,-23.759823,-23.00201,-22.205135,-21.923885,-21.31451,-20.541073,-20.697323,-21.275448,-21.619198,-21.634823,-21.423885,-21.197323,-21.181698,-20.87701,-20.322323,-19.580135,-19.087948,-18.791073,-18.275448,-17.65826,-17.798885,-17.923885,-17.861385,-17.822323,-17.728573,-17.494198,-17.431698,-17.93951,-18.017635,-17.728573,-17.361385,-17.244198,-17.541073,-16.837948,-15.462948,-14.37701,-13.728573,-13.68951,-13.759823,-13.423885,-12.775448,-12.650448,-13.197323,-13.830135,-14.017635,-13.837948,-13.59576,-13.267635,-12.830135,-12.337948,-11.806698,-11.306698,-10.59576,-10.119198,-9.353573,-8.72076,-8.384823,-7.845761,-7.3691983,-6.6699796,-6.002011,-5.4356046,-4.9356046,-4.240292,-3.1660733,-2.0762296,-1.1816983,-0.33404207,0.47259855,1.1464267,1.6620517,2.339786,2.9433017,3.5624423,4.143497,4.565372,4.9657626,5.454044,5.786075,5.9672275,5.8510165,5.5683017,4.922794,4.1142,3.6561923,3.3671298,3.1874423,2.9257236,2.634708,2.3124423,1.9354892,1.7479892,1.9979892,2.3417392,2.9530673,3.7821689,4.6767,5.8461337,6.921573,8.080387,9.277775,10.18256,11.034122,11.543888,11.828068,11.81049,11.49213,11.208927,11.40131,11.452091,11.436466,11.08588,10.64838,9.799747,8.716251,7.7215915,7.2450595,6.883487,7.625583,8.24506,7.9530063,6.542423,5.096622,3.6112704,2.0839267,0.6796298,-0.9004483,-2.5020108
9,-11.742233,-11.539108,-11.109421,-11.039108,-11.218796,-11.625046,-11.750046,-11.859421,-12.070358,-12.218796,-12.492233,-12.921921,-13.531296,-14.203171,-14.679733,-14.765671,-14.554733,-14.382858,-14.460983,-14.578171,-14.781296,-14.992233,-15.257858,-15.468796,-15.796921,-16.312546,-17.000046,-17.67192,-18.367233,-18.585983,-18.773483,-19.195358,-19.437546,-19.398483,-19.562546,-20.148483,-20.98442,-21.57817,-22.335983,-22.843796,-23.039108,-22.843796,-22.742233,-22.54692,-21.820358,-20.500046,-19.960983,-20.539108,-20.867233,-21.101608,-21.82817,-21.539108,-20.73442,-19.656296,-18.679733,-17.992233,-17.367233,-16.945358,-17.101608,-17.398483,-17.60942,-17.17192,-16.82817,-16.820358,-16.437546,-15.601608,-15.171921,-14.531296,-13.796921,-13.398483,-13.265671,-12.828171,-12.515671,-12.250046,-11.359421,-10.445358,-9.476608,-8.632858,-8.250046,-7.886765,-8.33989,-8.148483,-7.1602025,-6.40239,-5.6445775,-5.1641088,-4.3047338,-3.7656713,-3.168015,-2.9844213,-3.7852025,-4.4570775,-4.3125463,-4.2109838,-4.1914525,-4.1250463,-4.0000463,-3.8828588,-3.7266088,-3.6172338,-3.55864,-3.293015,-2.7578588,-2.30864,-2.02739,-1.7344213,-1.2539525,-0.8477025,-0.6465306,-0.5488744,-0.48246813,-0.76567125,-0.761765,-0.45903063,-0.2070775,-0.17973375,0.11518812,0.7714381,1.1073756,1.4784694,1.6073756,1.7733912,2.0644069,2.28511,2.3905787,2.5058131,2.84761,3.1054225,3.1581569,3.354446,3.6415553,3.5429225,3.3612819,2.9237819,2.2440944,1.9608912,1.8397975,1.7187037,1.7284694,1.7987819,2.2304225,2.7011256,2.91011,2.769485,2.738235,2.9296412,3.5233912,4.0468287,4.4599147,5.4057155,6.2230983,7.228996,8.448685,9.227493,9.938431,10.582962,11.078079,10.999954,10.812454,10.895462,10.898392,10.527298,10.085892,9.623001,9.362259,9.111282,9.043411,8.874954,8.168655,7.141769,5.639602,5.3915553,5.0605006,4.5702662,4.405227,3.979446,2.2831569,0.53511,-0.44535875,-1.261765
10,-8.927029,-8.880154,-8.528591,-8.274685,-8.341091,-8.594997,-8.891872,-9.442654,-9.762966,-9.911404,-10.184841,-10.575466,-10.927029,-11.114529,-11.247341,-11.341091,-11.552029,-11.880154,-12.403591,-12.833279,-13.255154,-13.887966,-14.239529,-14.528591,-14.778591,-15.083279,-15.622341,-16.106716,-16.411404,-16.802029,-17.052029,-16.981716,-16.973904,-17.028591,-17.239529,-17.716091,-18.020779,-17.966091,-18.153591,-19.153591,-20.122341,-20.716091,-20.895779,-20.473904,-19.645779,-17.473904,-15.723904,-14.778591,-14.817654,-14.872341,-16.114529,-17.637966,-17.677029,-16.755154,-16.809841,-16.567654,-16.130154,-15.934841,-16.192654,-16.403591,-15.606716,-14.372341,-13.294216,-12.356716,-11.630154,-11.161404,-10.442654,-9.809841,-9.098904,-8.528591,-8.04031,-7.532497,-6.880153,-5.9192157,-4.583278,-3.173122,-1.8528094,-0.7864032,0.1335187,0.79367495,0.5339093,0.6862531,1.5143781,2.280003,2.1843,1.9850812,2.2507062,2.2585187,2.1452374,1.6764874,0.8385968,0.6335187,1.1022687,1.6471906,2.108128,2.5964093,2.795628,2.7516828,2.5827374,2.5983624,2.889378,3.2917218,3.5622296,3.7077374,3.7292218,3.8464093,3.8053937,3.3757062,2.8796124,2.6589093,2.831761,3.014378,2.7897687,2.889378,2.699925,2.6022687,2.8522687,2.9997296,3.2341046,3.2702374,3.5134015,3.6022687,3.4196515,3.2809796,3.3678937,3.6676984,3.6882062,3.6969953,3.7594953,3.3903546,3.0573468,2.2565656,1.40305,0.4382062,0.19015932,0.41867495,0.7038312,1.1081281,1.3776593,1.7018781,1.9225812,2.123753,2.3932843,2.5241437,2.7272687,2.9079328,3.4079328,3.7448468,3.9635968,4.5895734,5.218968,5.8932843,6.3935285,7.18076,7.906468,8.83762,9.698948,10.30051,11.145237,12.098362,13.047581,13.475315,13.440159,12.930393,12.440159,11.293674,9.938206,8.974339,7.7687726,7.061497,6.662419,5.9801984,4.8864484,4.166722,3.6647687,3.3971906,2.4167218,1.0163312,0.23703432,-0.40945005
11,-7.188576,-7.0831075,-7.094826,-7.3487325,-8.1846695,-8.6846695,-8.6377945,-8.399513,-7.907326,-8.0127945,-8.2159195,-8.399513,-8.801857,-9.118263,-9.501076,-10.098732,-10.3252945,-10.5909195,-10.9502945,-11.2315445,-11.473732,-12.239357,-13.333107,-14.2159195,-15.0284195,-15.2471695,-15.1377945,-15.083107,-14.9190445,-15.0752945,-15.2002945,-15.254982,-15.2159195,-14.801857,-14.442482,-14.301857,-14.2159195,-14.270607,-14.5909195,-14.879982,-15.239357,-15.708107,-16.106544,-16.176857,-16.067482,-15.051857,-12.8565445,-10.9502945,-9.9971695,-9.4815445,-9.3252945,-10.6534195,-11.5752945,-12.2159195,-13.254982,-13.333107,-13.0127945,-13.004982,-13.3252945,-13.145607,-11.9971695,-11.2471695,-10.598732,-10.1221695,-9.020607,-8.462013,-8.0752945,-8.079201,-7.450295,-6.126076,-5.3213887,-4.012795,-2.825295,-1.5713887,-0.9737325,-0.52646685,-0.1866231,0.83290815,1.8211894,2.3163066,2.2586894,3.495994,4.216697,4.411033,4.922752,5.359031,5.863853,5.6029277,4.978416,3.6776347,2.5682597,2.3641582,2.7518535,2.737205,2.5692363,2.7538066,3.0624003,3.4442363,3.8700175,4.326072,4.914451,5.1839824,5.004783,4.6268535,4.3963847,4.3338847,4.7938457,5.2157207,5.2313457,5.04824,5.110252,5.4398417,5.832786,5.711082,5.83303,6.181419,6.511497,6.888572,7.0973125,6.966453,6.601341,6.4615703,6.3183208,6.3495097,6.332786,6.0422893,5.0731425,4.191795,3.4686503,2.9168925,2.792869,2.5516582,2.6981425,3.1092753,3.4032207,3.6766582,3.8680644,3.3475566,2.4754863,1.6141582,0.7821269,0.04970503,-0.21201372,-0.07920122,0.39736128,1.3133769,1.9891582,2.3319316,2.0438457,2.6512675,3.5604472,4.216697,4.4774394,4.716209,5.2743144,5.8425517,6.5954814,7.5624003,8.048729,8.484276,9.141502,9.476463,9.832909,10.012596,10.3309555,10.709862,10.655174,10.083885,9.265526,8.327049,7.4984355,6.528709,5.6965556,5.179832,4.4305644,4.1253886,3.6639628,3.110252,2.8827128,2.5780253
12,-2.7027302,-2.5386677,-2.933199,-3.698824,-4.183199,-4.276949,-4.355074,-4.6636677,-4.905855,-5.1441364,-5.5074177,-6.093355,-6.6324177,-6.9253864,-7.3160114,-7.92148,-8.687105,-9.45273,-10.034761,-10.29648,-10.433199,-10.941011,-11.456636,-11.761324,-12.191011,-12.269136,-12.487886,-12.589449,-13.128511,-13.495699,-13.409761,-12.800386,-12.050386,-12.347261,-12.339449,-12.448824,-12.472261,-11.909761,-10.964449,-10.612886,-10.589449,-10.304293,-10.097261,-10.487886,-11.409761,-12.948824,-12.831636,-11.511324,-10.573824,-10.038668,-8.757418,-8.378511,-8.937105,-10.011324,-11.144136,-10.183199,-9.155855,-9.425386,-9.097261,-8.335543,-7.6636677,-7.276949,-7.7222614,-7.82773,-7.2261677,-6.718355,-6.620699,-6.542574,-5.698824,-4.7222614,-4.062105,-3.9605427,-3.636324,-2.7496052,-1.5874958,-0.7535114,-0.44491768,0.43398857,1.0101604,1.6537151,2.290434,4.0072308,4.6939983,5.0914593,5.6093693,6.214018,6.3817425,6.2481976,6.1026897,5.621397,5.3154583,5.9844036,6.05081,5.680937,5.621069,5.6488934,5.7964153,6.214262,6.2518597,6.0207806,6.5453167,6.4908733,7.139555,7.6732464,8.1595745,8.79434,9.110746,9.355864,9.514067,9.374418,8.834379,9.158598,8.779692,8.524809,8.320707,8.145903,7.7669964,7.264555,6.8241253,6.79434,7.033598,7.1107464,7.246977,6.1197796,4.7674847,4.471586,4.7084026,4.8370647,4.9793987,4.7674847,4.867094,4.941313,5.1057415,4.993803,3.8280315,2.4525433,2.0326214,2.6009808,3.0462933,3.4525433,3.8314495,4.228422,4.466215,4.295805,4.2303753,4.4305706,4.7320843,5.145048,5.3471966,5.6972637,6.096098,6.9027386,7.228422,6.9584026,6.601469,6.644926,6.5953655,6.646391,7.073637,7.5072308,7.7308636,7.611723,7.361723,6.9803753,6.877836,7.129301,7.0082073,6.710844,6.7269573,6.9789104,7.3954144,7.6507854,7.5643597,7.1991253,6.615629,6.031889,5.554838,4.854643,4.5384808,3.9198284
13,2.0743337,1.2598805,1.0723805,-0.28113508,-1.8787913,-2.3534007,-2.2713695,-2.2616038,-2.7108226,-2.8143382,-3.0701976,-3.499885,-3.7459788,-3.8631663,-3.92176,-3.5037913,-2.5858226,-2.466682,-3.0584788,-3.7889476,-4.5076976,-4.777229,-4.781135,-4.683479,-4.937385,-4.906135,-4.6600413,-4.468635,-5.027229,-5.906135,-7.07801,-7.9725413,-8.679573,-8.859261,-8.628792,-8.097542,-7.76551,-7.886604,-8.019417,-8.261604,-8.792854,-8.796761,-8.031136,-8.011604,-8.370979,-10.882698,-12.273323,-13.085823,-13.249886,-13.476448,-13.484261,-12.515511,-12.281136,-12.468636,-11.929573,-10.242073,-9.499886,-8.995979,-8.660042,-9.058479,-8.464729,-6.8631663,-6.1326976,-5.3475413,-4.999885,-5.058479,-5.1756663,-4.7108226,-4.3201976,-3.6795726,-3.2381663,-2.810432,-2.0897288,-1.0623851,0.2012868,1.1876149,1.9893727,2.7647634,3.8541188,5.0877004,5.543816,6.284783,7.2647634,7.611443,7.3741384,8.584099,9.050896,8.9932785,9.392693,9.763786,10.144646,11.394646,12.334099,12.363396,13.146599,12.209099,12.142693,11.836052,11.927849,11.980583,12.152458,12.214958,12.314568,12.048943,11.476677,11.066521,10.427849,9.85363,9.552849,9.271599,8.742302,8.081169,7.1729665,6.7247243,6.7652516,7.1715016,7.526482,7.462029,6.866814,5.645867,4.4354177,3.8467946,3.3287282,3.071404,2.8507009,2.5440602,2.95324,3.337029,3.4634938,3.0987477,3.3253102,3.4854665,3.5753102,3.088982,3.1710134,3.5030446,4.271111,4.923699,5.444329,5.812371,5.625359,5.6508718,6.192986,6.1317067,6.236443,5.885613,5.6592946,5.566155,5.640984,6.158562,7.13781,7.651482,7.618279,8.308708,8.652458,8.4776535,8.388786,8.476677,8.969841,9.974724,10.69738,11.084099,11.324333,11.244255,11.093864,10.964958,10.623161,10.058708,9.711052,9.349724,8.610466,7.6680837,6.8375173,6.5323415,6.591912,6.821404,7.1309743,7.278435,7.189568,6.8487477
14,3.9942393,3.6788096,3.3238292,2.203712,2.5640635,2.8023448,2.9112315,3.4019542,4.1614757,4.2657237,3.8804698,3.622169,3.6211925,3.441505,3.48838,3.8038096,3.9268565,3.5767589,3.0137706,2.2955089,2.2017589,2.1050792,2.2115245,1.6734385,1.4185557,1.1890635,0.38632917,-0.6410146,-1.7992177,-3.0277333,-3.9847646,-4.695702,-5.2621083,-5.7503896,-6.3753896,-7.2621083,-8.066795,-8.297264,-8.133202,-8.316795,-8.875389,-9.566795,-8.941795,-8.430077,-8.258202,-9.695702,-10.812889,-12.187889,-13.734764,-12.898827,-13.250389,-14.547264,-13.961327,-12.937889,-10.891014,-9.828514,-10.715233,-11.043358,-10.633202,-9.715233,-9.430077,-8.750389,-9.078514,-9.691795,-9.973045,-9.324608,-8.195702,-6.8910146,-5.930077,-5.004296,-4.4847646,-3.8910146,-3.084374,-1.9164052,-0.38710833,1.0171885,1.672462,2.2613292,4.732948,6.134376,5.092323,4.8727794,6.731544,7.529884,8.412697,9.259377,9.245705,9.35508,9.482033,9.526955,9.060158,9.878517,10.648048,10.972267,11.273048,11.589455,12.040627,12.618752,12.905861,12.913673,12.735939,12.544533,12.064064,10.915627,10.13633,8.795509,8.308205,8.049416,7.6070323,7.4615245,7.573829,7.7115245,7.3140635,6.672462,6.3331065,5.7269053,6.1822276,6.5967784,6.8589854,7.488868,7.90879,7.933204,7.460548,7.5914073,7.4664073,7.000587,7.0777354,7.4546885,7.589454,7.8570323,7.125587,6.691993,7.398048,8.32383,8.861916,9.339455,8.800392,7.898048,7.962501,8.173439,8.064064,7.8726573,7.821876,7.8902354,7.5191417,7.569923,8.672462,10.228127,11.696877,12.63633,13.108986,12.991798,12.894142,13.015236,12.76133,12.618752,12.53672,12.366798,12.134377,11.66172,11.360939,11.456642,11.53672,11.56797,11.329689,11.34922,11.714455,12.233986,12.558205,12.540627,12.296486,11.941017,11.540627,11.151955,10.732033,10.362892,9.841408,9.212502,8.522072,7.773048
15,11.885012,11.797121,12.68384,11.519777,12.051027,10.697512,10.129152,10.726809,11.304934,12.668215,14.597902,14.113527,12.793215,13.160402,12.718996,11.77759,11.013918,10.195559,9.004152,8.060793,7.0188007,5.7605,4.349642,3.1140156,2.281496,1.5803242,1.0441914,0.694582,0.11548042,-0.46850395,-1.2145977,-2.2106915,-3.298582,-4.3513165,-5.56616,-6.7888165,-7.94116,-9.116941,-9.738035,-10.124754,-10.339598,-11.308348,-12.167723,-12.745848,-13.34741,-14.456785,-16.558348,-17.050535,-17.902098,-16.308348,-15.00366,-14.37866,-16.425535,-11.749754,-10.06616,-9.62866,-10.687254,-12.34741,-12.519285,-12.456785,-10.558348,-9.448973,-7.281004,-5.9020977,-5.9138165,-5.8669415,-5.84741,-7.1169415,-7.78491,-7.6364727,-6.8981915,-6.515379,-5.84741,-5.1950665,-4.952879,-4.28491,-3.6169415,-4.109129,-3.2731915,-1.2204571,1.694582,0.9748554,1.1604023,1.4904804,2.0979023,2.3894062,3.1540546,3.6540546,3.8632832,3.7229023,3.6889668,4.28203,4.8984394,5.488039,6.031008,7.170168,6.9211445,6.8605976,7.4680195,7.7385273,7.951418,8.533449,8.480715,8.781496,8.699465,8.27173,8.787355,9.068605,9.267824,9.482668,9.736574,10.359621,10.592043,10.744387,11.461184,12.304934,12.883059,14.078371,15.125246,15.883059,15.039309,13.578371,13.699465,14.77759,15.586184,16.125246,16.672121,16.832277,17.484621,17.59009,18.074465,18.37134,18.55884,18.164309,18.265871,17.59009,16.937746,16.867434,17.191652,17.613527,18.113527,18.437746,18.711184,18.691652,18.953371,20.535402,21.426027,21.160402,20.847902,20.754152,20.070559,19.824465,19.68384,19.754152,19.797121,19.531496,19.195559,18.824465,18.453371,17.211184,16.851809,17.086184,16.918215,16.99634,16.617434,15.918215,15.488527,15.066652,14.633059,14.070559,13.320559,12.457277,11.961184,11.836184,11.828371,12.02759,12.144777,12.343996,12.242434,12.025637
16,17.791859,17.787952,19.06139,20.909046,20.893421,20.963734,22.065296,22.346546,20.260609,20.174671,20.690296,19.784046,18.202015,17.190296,14.553578,13.452016,13.264516,12.553578,11.106313,10.625844,9.526235,7.9080706,7.3006487,6.273305,4.7674456,3.992055,2.9925432,2.181508,1.4149065,1.0770159,0.93736744,1.2742815,0.6277971,0.8543596,0.9334612,0.57799244,-0.608531,-1.5909529,-2.6222029,-3.5206404,-4.1143904,-4.7081404,-6.169078,-7.528453,-7.9737654,-9.454234,-14.48939,-17.880016,-18.481579,-16.481579,-15.528453,-13.036265,-13.122203,-13.950328,-12.919078,-13.880015,-13.356578,-13.200328,-13.294078,-14.473765,-11.887828,-8.485484,-7.4464216,-7.2393904,-5.856578,-2.6983747,-1.6261091,-3.311656,-4.8995466,-5.0206404,-4.497203,-4.782359,-4.3018904,-4.0714216,-4.9737654,-3.9659529,-3.3761091,-5.200328,-6.3682966,-8.255015,-6.934703,-2.8565779,-0.24720287,0.61119556,-0.32923412,1.9822893,4.800893,5.287465,7.3348284,8.256703,9.463735,8.297719,6.367055,5.9026995,6.199086,4.154683,3.8887835,3.8831682,4.197423,5.994008,5.3348284,4.900502,5.6336565,5.71227,5.6229143,5.884145,6.324086,7.1785784,8.284047,9.13561,10.092641,10.893422,11.686391,12.811391,14.307485,15.94811,14.420766,16.924671,19.252796,21.143421,22.002796,23.198109,24.354359,24.987171,25.799671,25.838734,25.987171,25.807484,26.299671,26.080921,26.526234,26.541859,26.198109,24.924671,24.877796,24.744984,25.432484,26.291859,26.994984,27.760609,27.487171,27.807484,27.862171,27.596546,27.565296,28.065296,27.565296,26.534046,26.198109,25.799671,25.205921,25.362171,25.385609,25.338734,25.487171,25.440296,25.666859,25.588734,25.518421,25.174671,24.791859,24.159046,23.362171,22.799671,22.721546,22.541859,21.909046,21.479359,20.862171,20.534046,20.182484,19.725452,19.299671,18.31139,17.448109,16.514515,15.846547,15.584828,14.998891,14.268422
17,14.32452,14.285458,15.109676,17.183895,19.344051,17.265926,20.148739,22.101864,21.594051,22.008114,22.914364,22.601864,21.797176,21.344051,16.094051,16.304989,18.734676,19.82452,19.383114,18.679989,17.801083,17.969051,16.547176,15.695614,14.031551,12.226864,10.633114,10.258114,9.156551,8.715145,9.0960045,9.306942,9.072567,8.762997,8.7962,8.815731,8.256161,7.4602623,6.6482506,7.1624107,7.485653,8.872372,8.136044,6.5784264,5.9121666,5.459896,1.7268639,-1.4762611,-4.382511,-5.6403236,-10.027042,-9.116886,-5.2770424,-9.812199,-11.101261,-11.796574,-11.460636,-11.011417,-10.870792,-10.155949,-10.577824,-13.015324,-13.757511,-12.820011,-13.155949,-14.335636,-13.890324,-12.788761,-11.171574,-13.601261,-5.7184486,-9.417667,-6.33173,-9.26923,-7.9684486,-10.710636,-9.128605,-8.609074,-12.007511,-14.155949,-17.874699,-19.601261,-9.855167,-5.4684486,-4.726261,0.6741295,5.5737877,6.7854576,7.4866295,12.306942,16.144833,15.351864,12.406551,9.629208,8.32745,9.6272545,10.076473,9.601864,8.837215,8.036434,7.2717857,7.201473,7.7874107,8.403622,9.217098,10.010067,10.812801,11.195614,11.570614,11.7053795,10.890926,11.023739,11.513973,12.822567,14.01202,15.476864,17.281551,19.969051,21.562801,21.984676,22.437801,24.094051,24.789364,25.703426,26.469051,27.765926,29.250301,29.679989,29.484676,29.734676,30.422176,31.867489,32.7503,32.953426,32.914364,32.539364,32.328426,32.351864,32.17999,31.594051,31.765926,31.789364,32.070614,32.383114,32.672176,32.484676,30.953426,30.679989,30.367489,29.539364,28.945614,29.328426,29.633114,29.844051,29.172176,28.945614,28.820614,29.008114,29.461239,29.734676,30.140926,30.179989,30.000301,30.390926,30.195614,29.539364,29.133114,29.234676,28.758114,28.453426,27.265926,25.914364,25.117489,24.195614,22.961239,21.859676,20.73077,19.441708,18.187801,17.29327
18,20.786118,20.653305,21.411118,22.91893,23.32518,24.934555,27.504868,30.215805,32.489243,33.254868,30.98143,29.653305,29.45018,29.879868,28.332993,27.340805,26.29393,26.676743,25.98143,24.997055,24.872055,23.54393,22.66893,21.715805,20.235336,18.969711,18.321274,17.024399,15.567368,14.485336,12.528305,10.604477,9.475571,10.022446,9.317368,9.090805,9.684555,7.985337,8.2148285,8.529282,10.235336,9.750961,9.493149,9.413071,8.4804535,8.076157,7.837876,5.72728,0.81932116,-3.1318507,-5.9560695,-7.0381007,-3.5302882,-9.342789,-11.01857,-13.034195,-12.510757,-10.979507,-12.276382,-11.346695,-12.29982,-13.76857,-10.917007,-11.721695,-9.631851,-8.42482,-6.8037257,-7.077163,-7.4404445,-8.358414,-8.678726,-9.241226,-8.702164,-10.479507,-10.971695,-10.776382,-10.479507,-11.651382,-11.065445,-10.163101,-8.850601,-17.61232,-16.932632,-14.667007,-18.17482,-14.315445,-11.776382,-5.698257,-3.0459132,-0.88575697,8.116196,19.26268,12.952133,13.102524,12.213852,16.360336,17.375961,17.040024,17.391586,17.735336,17.723618,16.946274,15.442368,15.000961,15.071274,15.266586,15.661118,15.723618,15.520493,15.957993,16.641586,17.29393,17.985336,19.040024,20.266586,21.872055,24.848618,26.20018,25.840805,24.590805,25.309555,26.442368,26.497055,26.965805,27.41893,28.239243,29.332993,29.661118,29.66893,30.973618,32.278305,34.192368,35.145493,37.747055,39.10643,39.95018,40.45018,39.95018,39.028305,38.48143,38.01268,36.73143,36.48143,35.98143,35.215805,35.161118,34.60643,34.809555,34.957993,35.372055,35.473618,35.32518,35.38768,34.973618,34.520493,34.73143,34.934555,35.04393,34.76268,33.645493,33.989243,34.317368,34.73143,34.934555,34.473618,33.145493,32.79393,33.07518,33.01268,32.684555,32.207993,30.91893,29.82518,28.395493,26.567368,24.60643,23.817368,22.301743,20.438461,18.719711
19,28.303885,27.030447,28.460135,30.827322,33.94451,38.00701,40.75701,40.75701,39.85076,38.366386,36.139824,34.835136,34.28045,35.022636,32.553886,31.335135,30.25701,28.374197,27.749197,27.483572,27.967947,27.31951,26.358572,24.046072,22.16326,21.260916,19.991385,18.97576,17.671072,16.460135,15.073416,12.405447,11.733572,11.7257595,9.549978,7.5704865,7.255057,7.1071076,5.524367,5.1365266,6.213309,6.453299,5.758597,5.765677,7.551932,5.3513703,6.9122834,7.3131623,3.4611115,-1.5144744,-6.035959,-8.032053,-5.754709,-7.254709,-9.907053,-13.5086155,-13.0711155,-12.297678,-12.625803,-9.762522,-11.047678,-11.485178,-9.266428,-9.598459,-9.625803,-9.9461155,-9.598459,-9.8367405,-9.543772,-9.6179905,-9.735178,-10.578928,-10.953928,-11.469553,-11.6492405,-11.969553,-12.750803,-12.4929905,-11.500803,-9.457834,-8.1804905,-14.1804905,-13.9461155,-13.5242405,-16.563303,-13.735178,-14.5554905,-12.7742405,-10.485178,-7.6570525,-1.6922088,5.2161164,6.230887,5.5982575,3.6993928,2.4611115,8.609549,12.274588,11.380056,20.085135,19.897635,20.948416,18.378103,16.885916,17.092947,17.092947,17.323416,17.768728,15.202322,15.0226345,16.56951,17.983572,18.514822,19.229666,19.710135,20.24529,24.50701,27.69451,26.483572,25.835135,27.249197,27.772635,30.061697,29.936697,30.358572,31.217947,32.4992,33.710136,35.10076,36.35076,39.053886,40.460136,43.147636,45.241386,44.553886,44.81951,45.56951,44.928886,43.897636,43.75701,43.428886,43.241386,42.81951,41.81951,40.178886,39.960136,41.10076,41.94451,42.41326,43.553886,44.272636,44.47576,44.460136,43.178886,41.53826,42.585136,43.31951,43.75701,44.22576,44.803886,43.803886,42.053886,41.56951,40.960136,39.60076,37.60076,37.710136,36.96795,34.772636,33.171074,31.421072,30.72576,29.811697,29.014822,27.60076,26.03826,24.655447,23.186697,21.866385,19.68279
20,29.211966,29.774466,31.336966,35.35259,39.32134,42.399464,45.274464,44.91509,43.82134,41.04009,40.25884,38.35259,37.938526,37.493214,34.44634,31.094778,32.188526,30.735403,30.219778,29.188528,27.938528,27.88384,26.35259,25.086966,24.00884,22.836966,21.774466,21.001028,19.004934,17.610403,15.458059,14.219778,13.366262,13.157278,11.688528,8.43218,6.728292,4.588918,4.5527854,5.3355002,5.7087913,3.6191916,2.368215,1.7002463,1.8994651,-1.6122537,1.9307151,0.8232932,4.0146995,-1.9091287,-5.788035,-8.342722,-7.08491,-7.99116,-9.213816,-14.795847,-11.116159,-12.092722,-11.709909,-10.967722,-11.452097,-13.186472,-12.866159,-13.530222,-14.014597,-13.803659,-13.538034,-12.795847,-12.155222,-10.772409,-8.647409,-9.600534,-10.647409,-11.194284,-11.913034,-10.569284,-10.077097,-10.342722,-10.108347,-7.073191,-8.135691,-11.311472,-12.342722,-12.858347,-13.147409,-12.163034,-12.061472,-12.405222,-12.327097,-12.678659,-11.913034,-10.975534,-9.764597,-9.702097,-9.834909,-9.655222,-7.7528787,-5.416941,-4.166941,-1.0770974,0.25102758,3.4111838,3.5039573,3.9180198,7.798391,9.5469265,9.414114,8.966848,7.9868674,8.176809,8.516653,9.335989,10.228567,11.911184,13.9522,14.440481,12.588919,12.489309,23.235403,26.180716,23.63384,21.69634,29.461966,28.88384,29.868216,29.657278,26.993216,27.016653,28.938528,26.438528,32.25884,35.07915,37.70415,42.118214,48.41509,49.69634,49.680714,49.54009,49.586964,48.91509,48.493214,48.79009,48.85259,48.555714,46.22759,43.836964,43.555714,44.118214,44.555714,45.69634,46.899464,47.54009,48.805714,49.805714,50.47759,51.13384,52.66509,53.149464,52.555714,52.836964,51.711964,48.493214,46.086964,44.72759,43.024464,41.79009,40.22759,38.399464,36.76665,34.8604,32.76665,31.055716,29.72759,28.579153,26.829153,24.876028,22.969778,20.903372,19.61431,18.036184
21,26.629908,27.879908,29.489283,32.809597,37.00491,40.200222,43.731472,42.997097,41.418972,40.247097,39.450222,38.278347,36.653347,35.403347,34.309597,31.208033,30.684595,30.739283,28.895533,28.067408,26.489283,27.122095,25.60647,24.098658,22.372095,20.696314,20.688501,19.407251,18.141626,16.395533,14.5967045,13.430689,11.932642,11.198267,8.85354,7.3110604,4.23733,4.039088,4.7676034,4.6064706,4.044947,0.5459237,1.659205,0.32912683,0.02639246,-5.0810294,-0.99899817,-2.8779044,-3.8466544,-6.120092,-4.963842,-6.467748,-11.307592,-9.29978,-12.64353,-13.23728,-12.057592,-12.260717,-12.95603,-13.495092,-11.260717,-11.815405,-13.416967,-13.698217,-15.01853,-10.440405,-11.315405,-10.057592,-9.166967,-9.948217,-9.36228,-10.416967,-10.635717,-10.20603,-7.9404044,-7.823217,-9.565405,-10.284155,-10.432592,-4.932592,-1.0048575,-8.448217,-9.573217,-7.420873,-8.909155,-10.51853,-10.83103,-9.95603,-9.620092,-8.772436,-8.155249,-7.8661857,-7.6943107,-7.104467,-6.6005607,-6.4599357,-7.108373,-6.6318107,-5.5341544,-5.0224357,-6.198217,-5.998998,-5.166967,-3.385717,-2.2021232,-0.3447013,1.6064706,3.7558846,3.369166,4.652369,4.8115487,5.9729257,6.7265267,7.4289804,8.739771,9.913111,10.8594,11.805689,13.915064,15.395533,17.036158,19.680689,21.696314,23.340845,24.442408,25.145533,25.723658,26.161158,27.614283,29.16897,29.715845,30.911158,31.770533,35.012722,43.403347,50.668972,51.825222,50.012722,51.762722,51.153347,50.918972,51.012722,49.590847,48.340847,44.793972,40.668972,38.895535,40.028347,41.622097,43.356472,45.106472,46.731472,48.372097,51.043972,52.481472,53.012722,55.590847,57.543972,57.731472,58.762722,57.622097,54.465847,52.090847,49.215847,46.231472,42.481472,39.700222,37.856472,35.965847,34.122097,31.551783,29.067408,26.895533,24.770533,22.20022,20.430689,18.364283,16.829126,15.301783,14.055689
22,22.801369,23.5084,25.063087,28.28965,31.484962,34.086525,36.461525,35.516212,36.344337,35.305275,35.125587,34.516212,33.836525,33.274025,31.500587,29.336525,24.875587,25.742775,26.250587,24.4459,23.4459,23.172462,23.0709,22.043556,21.723244,19.867775,18.801369,17.059181,15.301369,13.481056,12.217384,10.441017,9.726173,8.46299,6.6313243,4.739845,3.2173839,2.563087,2.0572276,1.7623057,1.4009776,0.32675886,-0.20839739,-1.8705068,-2.1634755,-6.7259755,-2.218163,-3.0228505,-7.3822255,-7.5853505,-4.421288,-7.917382,-10.71035,-11.218163,-11.202538,-11.499413,-11.530663,-12.952538,-12.733788,-11.382225,-11.27285,-6.714257,-9.475975,-10.0541,-9.733788,-8.2416,-8.132225,-8.913475,-8.011131,-9.233788,-10.780663,-10.350975,-9.6166,-7.292382,-7.374413,-7.702538,-9.843163,-11.39785,-10.100975,-1.936913,3.6939464,-3.233788,-2.1439443,-4.155663,-5.0033193,-4.2728505,-3.6283193,-3.1283193,-2.8666005,-1.6283193,-2.2376943,1.1080089,0.06113386,-2.0892568,-0.3666005,-0.265038,-0.80605364,-0.6791005,0.03769636,2.3716807,3.5923839,3.2710948,3.6460948,4.0191417,4.8365245,5.2183604,5.451759,6.2046885,7.7513194,8.415627,7.4012218,6.891723,8.391701,10.56797,11.311134,11.684181,11.805275,12.900978,14.250587,16.828712,18.438087,19.672462,20.711525,21.578712,22.28965,22.78965,23.797462,22.356056,25.672462,26.828712,30.1334,35.672462,36.78965,42.359962,46.500587,47.563087,46.641212,45.859962,44.297462,42.188087,40.641212,39.609962,38.469337,36.9459,35.750587,35.66465,36.656837,39.391212,41.578712,42.781837,44.813087,47.047462,48.922462,50.969337,52.203712,52.969337,54.250587,56.406837,57.609962,58.500587,58.438087,56.734962,49.422462,44.094337,39.813087,37.016212,34.6334,32.156837,29.547462,27.367775,24.766212,22.313087,19.875587,17.750587,15.60215,13.797462,12.418556,10.779884,9.206642,8.20713
23,20.4887,17.414482,16.090263,22.215263,25.922295,28.148857,24.633232,21.586357,23.148857,23.539482,25.90667,26.53167,24.789482,27.078545,26.570732,24.367607,20.820732,23.50042,23.090263,22.418388,21.418388,20.117607,19.1762,18.109795,17.3012,16.039482,14.475029,13.471123,12.336357,10.782646,9.408623,8.543877,7.2495646,5.7806926,4.2094035,3.7211223,2.1937785,3.288505,2.310966,0.25237226,-1.0034871,-2.0425496,-1.4683309,-3.644112,-2.5425496,-6.534737,-1.6831746,-2.5152059,-5.362862,-3.7027059,-5.358956,-9.015205,-9.398018,-10.49958,-10.12458,-10.452705,-8.882393,-9.90583,-10.09333,-12.28083,-9.890205,-4.6675496,-5.0894246,-3.8550496,-3.3433309,-4.0425496,-5.878487,-8.261299,-7.5894246,-9.257393,-7.3511434,-4.7612996,-4.0855184,-7.233956,-6.6831746,-2.5542684,-3.8277059,-5.1636434,-5.468331,0.22502851,6.296806,-0.08551836,0.58635664,-3.1206746,-2.3511434,-1.0112996,0.28362226,0.3500285,0.017997265,1.1820598,1.8617473,1.5375285,1.0414348,1.545341,1.982841,2.8344035,3.1137004,3.3705363,3.748466,4.847099,3.8002238,3.8861613,3.5414348,3.4750285,3.3549113,3.8539348,6.5878215,7.974296,5.9086223,6.458427,8.036797,9.46624,10.907646,12.1390915,12.922295,14.178154,15.465263,16.71917,18.141045,19.254326,20.824638,20.476982,21.95745,22.64495,23.508232,24.976982,26.50042,28.953545,31.633232,33.695732,34.297295,36.016045,37.695732,40.976982,43.383232,41.445732,38.180107,36.391045,34.31292,33.37542,33.016045,33.367607,33.56292,33.078545,33.586357,35.641045,37.820732,39.726982,41.773857,42.805107,44.445732,45.867607,47.070732,47.976982,49.445732,50.820732,50.992607,53.305107,54.773857,52.773857,49.883232,45.164482,39.539482,35.258232,30.898857,28.12542,25.664482,23.12542,20.8637,19.56292,18.023857,15.871513,13.449638,11.351982,9.6703415,8.7328415,7.8187785,5.828056,5.005302,4.9330363
24,17.178368,14.588524,11.84243,16.295555,22.799461,26.52993,22.076805,19.053368,16.608055,15.71743,15.983055,15.190086,13.983055,14.776024,16.139305,16.783836,14.574852,17.49868,19.193993,19.291649,18.611961,17.486961,16.065086,15.02993,14.260399,12.672508,11.143211,11.24868,11.906883,10.947899,10.385399,9.306297,9.022118,7.683738,6.0660625,4.641258,4.341453,3.8873515,2.6842265,1.7760234,1.5025859,1.1432109,-0.49155474,-0.854836,-1.3138204,-6.3802266,0.22133589,-3.544289,-3.8021016,-1.6224141,-3.4388204,-8.231789,-8.454445,-8.794289,-8.891945,-8.954445,-7.372414,-8.727882,-9.993507,-10.649757,-9.993507,-6.3489766,-6.0521016,-1.1692891,-3.4739766,-4.0989766,-1.4896016,-3.4700704,-4.2981954,-0.87436724,-0.23374224,-3.4114766,-2.8333516,-1.1771016,0.98500776,1.8619609,1.0377421,-0.682961,-1.4739766,-0.307961,6.6699443,0.8248515,-2.0521016,-1.1263204,-1.8333516,-1.2474141,-0.39975786,0.14321089,0.022117138,0.041648388,-0.028664112,0.08852339,0.567039,0.50844526,0.3932109,1.3932109,3.2145,3.3873515,4.8316875,4.4918437,3.3629375,3.3521953,4.0396953,6.485618,7.2608867,7.6790996,8.418602,8.235985,7.0733256,7.1527324,7.956199,8.655418,9.131493,10.263329,11.481102,13.102196,13.584618,15.15493,16.600243,17.307274,18.15493,18.479149,17.93618,17.990868,18.71743,19.068993,20.045555,20.908836,21.682274,22.651024,24.02993,24.740868,24.115868,26.420555,29.74868,31.34243,31.084618,29.662743,27.803368,28.537743,29.014305,29.537743,31.076805,31.62368,32.397118,34.162743,35.24868,36.170555,37.475243,36.68618,37.576805,38.09243,38.647118,40.147118,41.443993,42.912743,43.240868,42.631493,44.662743,42.662743,38.131493,32.834618,29.412743,28.37368,25.818993,22.471336,20.506493,17.506493,14.045555,12.326805,11.334618,9.572899,8.162254,8.065086,7.3720927,7.4222636,6.6855693,5.3043437,5.2242656,4.861961
25,15.303736,12.020533,9.761744,9.786158,13.608423,18.573267,14.803736,13.428736,13.756861,8.964869,8.29104,10.938501,8.382349,8.127466,10.437525,10.907251,13.6123295,15.979517,17.678736,17.182642,16.401392,15.350611,14.430689,13.713892,14.311548,14.0029545,12.522486,11.461939,11.493189,10.530298,10.556665,9.553736,8.60647,7.4709716,5.5210204,4.9306884,4.8979735,4.6220946,3.5547118,2.2861571,0.54592276,0.55178213,-0.6552491,-1.0536866,-2.4892335,-7.3212647,-2.7861085,-5.3212647,-1.0927491,-4.7353272,0.5107665,-6.9150147,-4.981421,-5.3525147,-5.5947022,-7.387671,-7.3056397,-8.219702,-5.2822022,-7.3681397,-7.0868897,-5.903296,-4.6806397,-1.1259522,0.03225088,-1.2743897,1.846704,1.9599853,1.8427978,1.2177978,0.55178213,-0.262671,-0.8896241,0.25100088,2.5381103,1.7627196,1.5556884,2.3681884,1.2021728,-0.55563974,7.8457274,-0.23337412,-0.22165537,0.190454,-0.356421,-0.54001474,-0.6923585,0.706079,0.038110256,0.07912588,0.502954,0.9072509,1.1806884,1.5771728,2.3994384,3.167993,3.8564696,4.8496337,5.4658446,4.99563,4.2470946,4.6181884,5.49563,7.2436767,8.335474,9.122095,9.496119,9.459009,9.491236,10.100611,10.32229,11.061548,11.469751,9.35647,8.601099,8.556665,8.222681,9.3310795,9.899439,10.118189,11.036158,12.116236,10.991236,9.695337,9.897486,10.251978,10.713892,11.288111,12.5810795,14.749048,15.858423,15.6279545,16.33108,16.729517,17.991236,21.31936,21.67483,22.374048,23.030298,23.295923,23.577173,24.108423,24.842798,25.97561,27.31936,27.88186,27.97561,27.936548,28.670923,28.420923,29.499048,30.108423,30.483423,31.366236,32.29592,32.905296,33.54592,33.124046,32.95217,32.17092,31.084986,29.38186,25.139673,22.530298,20.436548,18.096704,16.22561,13.567408,10.173853,8.847681,8.25149,7.885278,7.060449,7.3213134,6.9204955,6.6512084,6.5034423,5.622583,4.9067626,4.1718993
26,12.582951,11.260685,9.577091,8.759708,8.93549,8.551701,8.07172,9.291935,11.254826,6.807316,5.0600014,10.192326,9.456974,9.58588,10.043888,11.87006,12.368107,13.061466,14.012638,15.12006,16.284122,16.073185,15.198185,13.938419,12.924747,12.942326,11.854435,9.615177,9.174747,8.958927,7.996525,7.4784584,6.9401283,5.9824867,4.0858803,3.6102943,4.3710365,3.2440834,2.0673256,0.06341934,-0.45415878,-1.2842369,-1.8994713,-2.0479088,-3.3291588,-6.6377525,-4.0596275,-2.8604088,0.22552872,-4.583065,5.322941,-4.614315,-2.2822838,-2.72369,-3.5479088,-6.16119,-5.62994,-5.329159,-3.7666588,-4.2588463,-4.94244,-4.958065,-4.6338463,0.5145912,2.814396,2.517521,2.9979897,2.1434975,2.1591225,1.9892006,2.144474,2.278263,2.0673256,2.7421303,2.2099037,2.2235756,2.892521,4.5233803,2.9667397,1.7724037,8.312443,2.1493568,2.3368568,3.3573647,3.064396,2.7821693,2.5917397,3.260685,3.18256,3.456974,4.077091,4.146427,4.4042397,4.6127357,4.675724,5.1596107,5.8190346,6.202427,6.9696693,7.251896,7.865177,8.604435,8.426701,7.2182045,6.7543373,7.5424232,7.2826576,6.9110756,6.562565,7.2601967,7.554142,8.006779,7.6278725,7.422306,6.774845,5.8728676,5.324894,5.8207436,6.2432594,6.089329,6.172489,6.597599,7.2636147,7.5912514,8.49213,9.736271,10.479435,10.641544,10.788029,11.061466,11.633732,11.977482,12.069279,12.727482,13.444279,14.094669,15.252872,16.674747,17.635685,18.424747,19.83881,21.077091,20.998966,21.061466,22.791935,24.299747,26.315372,28.346622,29.643497,30.229435,30.30756,30.80756,31.440372,31.916935,31.416935,31.46381,31.455997,31.127872,30.791935,28.002872,27.143497,22.534122,20.467716,18.006779,15.506779,15.252872,12.873966,11.815372,9.506779,8.1059,7.6127357,7.168888,6.6381264,6.4459877,5.928776,5.702091,5.7758217,5.654972,4.715275,4.6127357
27,12.316008,10.640226,9.612883,9.946867,9.224211,8.608,7.9908123,6.76132,6.7203045,6.814543,8.080656,9.01132,10.212492,9.396086,9.26132,9.552336,9.679289,8.005461,8.739836,9.585539,10.714445,11.66757,11.521086,10.546476,8.862883,7.5245037,7.092375,6.4495525,6.690031,5.984709,5.405119,4.650236,4.0747967,2.9146404,2.0503826,1.6685467,2.1783123,1.0445232,0.15194511,-1.0980549,-1.6078205,-2.3675861,-1.9027424,-1.5453205,-1.475008,-5.193758,-1.412508,-0.39883614,1.2847576,-3.1273518,7.1753826,-4.021883,-1.6136799,0.18905449,0.11483574,-2.6664143,-2.5492268,-3.0101643,-3.5765705,-3.5414143,-4.678133,-5.2328205,-5.3773518,2.933195,3.1695232,2.9253826,3.1861248,3.2095623,3.613371,3.669035,4.304289,5.2952557,5.708006,5.606614,5.0555096,3.4195232,4.0850506,4.288664,4.360441,3.2203045,8.930265,2.518156,2.8179607,2.9703045,3.1158123,2.877531,2.7095623,3.399992,3.5992107,4.453703,5.731596,5.6602917,5.464628,5.089445,5.0328045,5.0098553,5.207365,5.8903484,6.879484,6.315031,6.491789,7.251066,8.609953,8.177336,7.4580975,6.6719646,5.174284,4.8174725,4.1128826,4.419035,5.3352947,5.8903484,6.083708,6.2723064,6.3716717,6.4654217,7.0401287,6.9458904,6.859953,7.2476482,7.486418,8.057219,9.247648,10.269133,11.357023,12.222258,12.476164,12.903898,13.571867,13.005461,13.421476,13.6265545,13.806242,13.712492,14.5328045,15.482023,16.76718,18.04843,19.208586,20.732023,22.439054,24.071867,24.814054,25.696867,26.720304,28.220304,29.14218,29.98593,30.618742,31.040617,30.92343,31.01718,30.970304,30.92343,30.36093,29.939054,28.603117,27.64218,25.196867,22.353117,21.07968,16.415617,15.083586,14.122648,13.982023,12.79257,11.644133,10.2203045,8.710539,7.7867107,7.471281,7.1382732,6.8521404,6.2867107,6.0036297,5.9945965,6.342863,6.3990154,6.5393963,6.1336346
28,9.454886,11.781058,8.001761,4.03057,3.8264685,4.7986364,5.2338476,5.355567,6.6282263,7.332816,8.058402,7.910941,9.511527,7.73223,7.1443396,7.5779333,7.7849646,6.429496,5.967826,5.7778845,6.0227575,6.6633825,6.1807165,5.851615,4.7705603,4.179496,4.3386755,4.29766,3.792777,3.3626013,3.2820349,2.8181677,2.6912146,2.6101599,1.5798864,0.68926144,0.11894894,-0.3986292,-0.9943323,-1.9630823,-1.7248011,-1.2892542,-0.29316044,-0.00019168854,-0.23456669,-4.8380823,-0.57636356,-0.052926064,1.0955114,0.9841833,9.945121,-3.3263636,-0.94159794,0.4919958,0.5056677,-1.0060511,-1.1896448,-1.5177698,-1.9787073,-1.9689417,-1.9884729,-1.6779261,-0.4923792,3.1111364,3.1062536,3.3171911,3.5354528,4.0125036,4.5330114,5.6284704,6.5925817,7.2312536,7.9998083,7.9460974,7.76641,7.7000036,7.027152,6.5906286,6.2432165,6.0344763,9.241996,1.3250036,4.1926794,3.9045935,4.3040075,3.8557653,4.2034216,3.8943396,3.8572302,4.0867224,4.120414,3.8538122,3.6218786,4.004691,4.2488317,4.443656,4.653617,5.2895956,6.375785,6.976371,7.2537146,7.9099646,8.88848,9.499808,9.933402,10.214652,9.554496,8.556449,9.093558,8.908011,6.6995153,7.368949,8.3386755,5.3821325,4.8278112,5.851859,6.488578,7.1428747,7.393363,7.9343786,7.9080114,8.404105,8.976371,10.001761,10.906058,11.935355,12.656058,13.251761,13.872855,13.587699,13.70098,13.474418,13.470511,13.818168,14.579886,15.134574,16.044731,16.818169,17.611137,18.646294,20.009575,21.204887,22.646294,23.872856,24.982231,24.904106,24.122856,22.568169,21.677544,21.126762,20.18145,20.236137,21.064262,21.927544,22.466606,22.966606,23.036919,20.318169,19.165825,16.68145,15.35723,13.560355,12.86309,13.003715,12.159965,11.083793,10.116996,9.247855,8.5574255,7.88848,7.48516,7.332816,7.173148,7.0330114,7.091605,7.1687536,7.2918005,7.426566,7.6130896,7.7205114
29,8.816189,11.814236,8.508572,2.2038841,3.5017357,3.6657982,4.4165306,5.591091,6.4739037,7.668728,8.187283,7.7741966,8.077908,7.1784935,4.9049797,5.314968,5.397854,4.491726,3.6784935,3.4724388,4.0151634,4.077175,3.7693138,3.6872826,3.2468529,3.0759544,3.036892,3.2219505,2.7077904,2.6570091,2.5115013,1.9157982,1.6491966,0.16970444,-1.1193581,-0.8556862,-0.12521744,0.3689232,1.2322044,1.7048607,1.5749779,1.1716576,0.9734154,0.9782982,0.3689232,-4.2990456,-0.32052994,0.16579819,0.96657944,2.4802513,6.5398216,-3.1584206,-0.5041237,0.55251694,0.5095482,-0.21506119,-0.27560806,0.15212631,0.79665756,0.046657562,3.2917747,2.8552513,1.6267357,2.8796654,3.2429466,3.8259544,4.02322,4.443386,5.5171165,6.299099,7.0915794,7.8279076,7.8933372,8.829861,8.594509,8.177517,7.36697,7.063259,6.1662865,6.6399193,8.950954,2.2273216,4.243191,3.8742943,3.6628685,3.5515404,4.459255,5.140896,4.654812,4.255886,3.9704857,3.5466576,3.4358177,4.3503685,4.6249046,4.7408104,5.2613792,5.603298,6.241482,6.8855247,8.060329,9.02322,9.743923,10.220486,10.103298,9.984158,9.216579,8.579861,8.443142,9.581814,9.550564,9.638454,10.206814,8.995876,8.137478,8.140408,8.146267,8.7566185,9.298611,9.029079,8.962673,7.9197044,7.4441185,7.5085716,7.993923,8.731228,9.318142,9.074001,9.136501,9.402126,8.997829,8.863064,8.610134,9.230251,9.954861,9.863064,10.374783,11.038845,12.081814,13.161892,13.685329,14.736111,16.634548,18.044704,18.52908,18.81033,18.013454,17.021267,16.013454,15.564236,16.068142,15.919704,17.02908,18.314236,18.39236,18.251736,17.771267,16.814236,15.904079,14.392361,12.853298,11.611111,11.109158,10.595486,10.019314,9.521267,9.165798,8.670681,7.993923,7.7878685,7.8347435,8.017361,8.101345,8.130642,8.300564,8.356228,8.673611,8.936306,8.915798,8.685329
30,7.151242,7.087765,8.388546,4.252255,3.311398,3.6763883,3.7702603,5.327023,5.3919644,5.988644,6.41882,6.38464,5.2615933,4.419125,2.9569058,2.9818082,2.7308316,1.974484,1.4334683,0.42565584,0.69323397,0.53503084,0.34948397,0.86315584,0.6170621,0.2967496,-0.16418791,-0.17395353,-0.46496916,-0.29309416,-0.6387973,-0.6798129,-0.5626254,-0.68957853,-0.6954379,-0.20129728,0.7684293,1.7440152,3.073605,3.4088101,2.6536832,2.0731168,1.4071012,1.7850308,1.077023,-3.900516,0.33385897,0.873898,0.9735074,1.8211637,5.4564176,-3.2657504,0.2235074,1.8319058,1.5330777,1.2235074,1.9266324,2.4769254,2.0203824,2.077023,3.9285855,3.4649625,2.8870816,2.3812222,3.1444058,4.1164823,4.643307,5.182736,5.746945,5.996945,6.0653043,7.1942105,7.748898,6.7723355,8.046749,7.675656,6.9559293,5.973019,4.88757,5.755734,8.492062,0.68346834,3.4180875,2.9012418,2.9071012,3.158566,3.7596402,4.1940656,3.995175,3.6785855,3.4161344,3.2291226,4.284695,4.704098,4.842648,4.8421597,5.360226,6.2928433,7.1278043,7.7987027,8.242062,9.001827,8.837765,8.60339,7.6092496,6.9197965,7.38464,7.958859,8.6776085,10.054562,11.488155,10.3963585,9.917843,9.044796,8.8338585,9.556515,9.8963585,8.814327,9.800655,8.820187,8.460812,8.7088585,8.636593,8.841671,8.736202,8.456905,8.413937,8.54089,8.857296,9.070187,9.425655,9.4119835,8.538937,9.369015,9.681515,10.7244835,10.913937,11.122921,11.837765,12.279171,12.8963585,13.3026085,13.814327,14.087765,12.326046,15.216671,13.154171,13.079952,12.216671,11.59753,12.404171,12.54089,13.876827,15.6619835,15.951046,15.408077,15.204952,14.119015,12.85339,11.611202,10.513546,9.937374,9.626827,9.390499,9.238155,8.857296,8.4119835,7.871945,7.625851,7.773312,7.9910855,8.75964,9.236202,9.355343,9.404171,9.374874,9.4119835,9.462765,9.390499,9.3651085
31,5.6110115,5.940113,6.8336678,4.931324,3.917576,3.9772685,5.332691,5.7115974,4.719166,4.5052986,4.5385017,4.219532,2.9108164,2.076832,1.5240977,1.2623789,0.35319924,-0.46223044,-1.3235586,-2.4173086,-2.641918,-2.628246,-2.6516836,-1.7610586,-1.7141836,-1.7493398,-1.2317617,-1.1497304,-0.41730857,-0.6848867,-1.001293,-1.454418,-1.2766836,-0.7259023,-0.8489492,-0.31379294,0.38640237,0.9401133,1.2936289,1.1422617,1.1969492,1.8815196,1.6989024,1.4352305,0.42253518,-3.5384023,0.6119883,1.0885508,1.8951914,0.7897227,6.7408943,-3.3430898,0.4948008,2.2365,1.9596446,2.3571055,2.3971446,2.8942149,2.7028086,2.708668,3.449879,3.4144785,2.7687266,2.658375,3.6780283,4.4098396,4.896656,4.9977303,5.1979256,5.337574,5.186695,5.8995857,6.210621,6.120777,5.6940193,6.1666756,5.3263435,4.5228767,3.276539,3.566212,7.339527,0.78288674,3.437672,2.930836,3.2023203,3.3134043,3.1781504,3.0284922,3.8304331,3.415211,2.7848399,3.39983,4.226368,4.703785,5.144703,5.510914,5.7291756,6.2115974,6.5953865,6.5348396,6.8492928,6.495777,5.5289803,5.4742928,5.5221443,6.5172615,7.998707,8.426441,10.012379,11.641285,10.703785,9.463551,8.471363,8.408863,8.266285,8.647144,9.192066,9.283863,9.631519,8.705738,8.717457,7.648121,7.317066,8.020191,7.7047615,6.9615974,7.201832,7.212574,7.266285,7.5846443,8.18816,8.377613,8.621754,8.586597,9.895191,11.967457,12.916676,13.100269,13.846363,12.666676,12.826832,11.533863,13.334644,11.295582,10.414722,12.549488,9.760426,11.240894,9.957691,9.846363,9.824879,10.295582,12.029957,14.010426,14.080738,13.510426,12.951832,12.041676,11.205738,10.307301,9.46941,8.963551,8.701832,8.582691,8.506519,8.416676,8.154957,7.955738,7.442066,7.3473396,7.863941,9.203785,9.926441,9.838551,9.176441,9.024097,9.084644,9.147144,8.861988,8.332691
32,4.763459,4.25467,6.4739084,5.370881,4.796174,5.6897287,6.141877,6.063752,5.118928,4.1288157,2.7646801,1.9573071,1.2659009,0.8840649,0.2698071,-0.23995852,-0.95577884,-1.2975757,-1.520232,-1.9440601,-2.6237476,-1.9987476,-0.24777102,-1.8913257,-1.5495288,-1.0632007,-0.52609134,-0.8659351,-1.2917163,-1.6471851,-0.98898196,-1.1589038,-0.9362476,-1.0319507,-1.3112476,-1.1706226,-0.65890384,-1.2428882,-0.8835132,-0.09054446,0.6086743,1.4006665,0.580354,-0.59054446,-1.0221851,-3.3151538,0.16629148,-0.2507007,3.8003247,0.44070554,8.034455,-2.0319507,1.9783032,2.0774243,2.8437817,3.8002026,4.0503244,3.488191,3.3445141,3.1384594,2.4651196,4.035798,3.4297192,3.6169293,4.3664865,4.371125,4.5076,4.6645823,4.9534006,4.6579905,5.1941233,5.094514,4.912385,5.449006,5.0520334,4.5432444,3.5512097,3.363191,1.927522,2.7588208,4.8904123,2.252229,3.2832348,3.3467114,3.53,3.5222485,4.1057444,3.318269,2.568147,3.1228344,2.6423657,2.988313,3.4418042,4.3608713,4.948518,4.50467,4.25467,3.6892102,3.8280957,3.4043286,3.639848,3.6227887,3.4978344,4.3020334,4.643342,5.9133615,7.106721,8.159455,9.329377,9.803987,8.850862,8.106721,8.022737,8.17508,7.9582834,8.315705,8.401643,8.261018,7.332307,6.188752,5.6809397,4.0345774,3.3486645,3.1037915,2.8083813,1.9270337,1.9426587,1.990022,2.339143,3.6368268,6.101838,7.624299,8.815705,9.534455,9.204377,10.970002,13.303987,13.917268,14.823518,11.948518,12.940705,8.325471,13.264924,11.141877,9.448518,11.27469,7.827424,12.288362,10.241487,9.178987,9.227815,9.55594,10.208283,11.262971,11.694612,11.665315,11.52469,10.907502,10.067658,9.315705,8.495393,8.276643,8.282502,8.757112,8.83133,8.511018,7.876252,7.1741037,5.3054514,6.4026194,8.128205,9.153596,9.48758,8.80594,8.341096,8.296174,8.046174,8.028596,8.08133,7.8039865
33,3.315409,3.6093848,2.6249487,3.7587378,4.5744114,5.972849,6.1007786,5.927927,4.771677,3.6328833,1.2628882,-0.5466821,-0.58965087,0.23554444,0.0031225681,-0.3074243,-0.2527368,-0.2761743,0.02363038,-0.08183837,0.032419443,0.07831788,-0.8904321,-1.2029321,-0.72832274,-0.93926024,-1.1990259,-1.3162134,-2.1150415,-1.0056665,-0.7087915,-0.07793212,-0.36308837,-0.78496337,-1.1169946,-1.5466821,-1.6111352,-1.8709009,-1.4490259,-0.2292993,0.13202882,-0.28008056,-0.7244165,-1.9939477,-2.0955102,-3.5740259,0.86347413,-0.54863524,5.156931,0.61347413,7.266794,0.76874757,4.2985325,3.562815,4.070017,5.160837,5.6906223,4.8454075,4.6749973,3.327082,2.309275,5.0534153,5.0729465,5.0846653,4.7135715,4.533884,4.400095,4.6735325,4.6701145,4.707224,4.8834934,5.2013645,5.575388,5.653513,4.815134,3.8144019,3.5580542,2.7633765,1.7282202,2.5534155,1.6193335,4.293894,3.0354712,3.7025855,3.4914649,3.913523,4.037546,2.2863257,1.6593726,2.0861304,1.6256812,1.2843726,1.2843726,1.9498999,2.5065405,2.6398413,2.6662085,2.007517,2.4520972,2.1520483,2.6974585,3.0989478,2.4296362,2.1798804,2.8119605,3.0707495,3.3725913,3.830393,4.552927,4.6281223,4.5851536,4.7482395,4.8996067,5.0592747,5.439646,5.597849,5.7218723,4.8385715,3.943308,3.3184607,2.9480689,2.27656,0.62812257,-0.6794946,-0.94707274,-1.2380884,-1.5642602,-0.90996337,0.93573976,3.3937247,5.7746067,6.1749973,7.5626926,8.58613,9.244333,11.047068,12.738474,14.019724,14.953318,13.49238,10.677927,8.3107395,10.652536,10.925974,8.781443,8.574411,6.9601536,11.504099,13.949411,10.039255,9.633005,9.777536,10.080271,10.017771,10.043161,9.965036,9.8576145,9.363474,8.9044895,8.869333,8.689646,8.359568,7.8244114,8.1388645,8.056833,7.675974,7.2218723,6.068552,5.673044,6.7130833,7.705271,8.424021,8.136911,7.756052,7.7130833,7.6857395,7.8439426,7.8732395,7.5607395,7.3058567
34,3.2228496,2.6699932,-0.7872822,2.869105,4.8386946,6.1873274,5.811351,5.063304,3.8948467,3.5093486,1.4300029,-0.0099384785,-1.595876,-0.53435254,0.47150683,-0.34880567,0.7039287,-0.18571973,-0.533376,0.18146777,-0.7355244,0.069163084,-1.3732197,-1.05779,-0.8058369,-1.3243916,-1.6388447,-1.5314229,-1.3907979,-0.27068067,-0.17790723,-0.035329103,-0.21989942,-2.0685322,-1.9220479,-2.0626729,-2.2716572,-1.9337666,-0.3898213,-0.3976338,-0.17790723,-1.7540791,-1.4786885,-2.6173604,-3.0685322,-3.7345479,1.9490459,0.74689746,5.2625227,-0.015797853,5.2429914,3.1287334,5.1629133,4.579417,4.4602766,5.4080305,6.0886946,5.3728743,5.4617414,3.492503,3.7971904,5.8904524,5.205882,5.2449446,4.980296,4.8806868,4.710765,4.597972,4.8225813,4.672679,4.623851,5.2947493,6.4236555,5.57014,4.884593,3.4151103,3.251292,2.4066875,1.525706,2.4396465,-1.1027119,3.1427715,2.8441074,2.8414104,1.7097881,1.798167,2.4210918,1.3552959,0.5564678,0.2586162,-0.12517285,-0.0118916035,-0.31755567,-0.42400098,0.11506152,0.6414287,1.1179912,0.12775683,0.6619365,0.4802959,1.2205303,2.322337,1.2991436,0.3289287,0.80158496,2.1804912,2.416087,1.6492412,1.4929912,1.0691631,1.3738506,1.7434795,1.7278545,1.8596904,2.3649395,2.8430202,3.1493633,2.7764385,2.4010723,2.254954,2.0025127,0.7205303,-1.4493916,-2.267751,-2.4806416,-2.8400166,-2.1935322,-1.0304463,0.55744433,2.246165,3.4068096,4.3806868,5.4822493,6.542796,8.03889,9.404124,10.865062,11.591624,12.091624,11.0642805,8.654124,8.3611555,7.7537336,9.568187,9.1892805,7.027171,5.893382,13.775218,15.216624,12.0330305,10.75764,9.812327,9.708812,9.529124,8.943187,8.294749,8.199046,7.2849836,7.4861555,8.124827,7.259593,6.3836164,6.1023664,6.5105696,6.447093,6.4978743,6.5662336,6.0867414,6.0086164,6.7293196,7.429515,7.8924055,7.617015,7.574046,7.2244368,7.0525618,7.085765,7.117015,6.7224836,6.210765
35,4.0846586,1.6605866,-0.4373138,2.965274,5.2804594,6.357608,5.4679594,4.0358305,3.961612,2.9716218,3.9977448,2.2793343,0.036319017,-0.047665358,1.9428132,-0.55059505,1.0543854,-1.526181,-1.2253997,-0.5330169,-1.5769622,-1.1873138,-1.3513763,-1.2000091,-1.7634857,-1.9529388,-1.9041107,-1.5750091,-0.40508723,-0.8562591,-0.86016536,-0.41582942,-0.71661067,-3.1248138,-3.5095794,-2.3279388,-1.8591888,-0.34649348,0.22284245,0.6847565,-0.4216888,-4.1951265,-1.8533294,-3.0427825,-3.1404388,-3.3181732,2.386264,1.0045807,4.9162016,-1.0232513,3.8253815,3.8893464,5.5304594,4.508975,4.109561,5.448428,5.6261625,5.4943266,5.667178,4.8898344,5.4855375,5.6310453,5.341983,5.0949125,4.9142485,5.1994047,4.9660063,5.0128813,4.4874907,5.404483,5.513858,6.3556547,7.0568266,6.0636625,4.755069,3.2912018,2.9120514,2.158847,1.4508698,2.2927315,-3.0134857,1.9297516,1.886905,0.26971745,-0.15704036,1.0377839,0.7868073,0.15057683,-0.75860286,-1.4343841,-1.6013763,-1.4920013,-1.6902435,-1.9920013,-0.88848567,-0.40801692,0.036319017,-0.76641536,-0.52227473,-0.78497005,0.12909245,1.3004792,0.45428777,-0.38848567,-0.21368098,1.1256745,1.4454987,1.1520417,0.43085027,0.036319017,-0.18829036,-0.14434505,0.54559636,0.9870026,1.5809968,2.0531647,2.3552887,2.5330842,2.7335846,2.1443512,0.81463933,-0.63848567,-1.53497,-2.4431732,-3.19122,-2.8337982,-3.0076263,-1.9275482,-0.98516536,0.4376862,1.6115143,2.435428,3.1879303,4.6281157,5.8917875,7.0744047,8.394717,9.105655,9.611514,8.988467,7.925967,7.845889,7.080264,8.218936,8.172061,6.191592,5.3048735,12.377139,13.877139,13.713077,11.732608,10.326358,9.685733,9.140811,7.8400297,6.9162016,6.6486235,5.7824125,6.4181547,6.656436,5.123233,4.3273344,4.3556547,4.6056547,4.819522,5.300967,5.736514,5.788272,5.857608,6.267764,6.720889,6.998233,6.908389,6.9318266,6.7560453,6.685733,6.2111235,6.4337797,6.144717,5.145694
36,3.324831,1.3079853,1.1656513,2.2687397,3.3638935,5.6417255,4.960085,3.349245,4.333132,1.974062,4.3878193,3.2550068,1.6978779,0.38928413,2.69446,0.0777607,0.43811226,-0.5604229,-1.6610088,-0.7352276,-1.9178448,-1.890501,-1.484251,-2.0594463,-2.5613995,-1.7850323,-2.0418682,-1.1063213,0.12610054,-0.39050102,-0.91296196,-0.42565727,-1.975462,-3.5906963,-3.9246807,-2.3602276,-1.6990948,1.1700459,0.31262398,0.11731148,-0.671751,-5.1278057,-4.52429,-4.9500713,-3.522337,-3.1610088,2.406496,1.1712666,4.2247334,-0.9022198,3.4136982,4.2471943,5.498171,3.8844013,3.5596943,4.542116,5.255007,5.62903,6.045046,5.7159443,5.673952,5.53528,5.2647724,4.8741474,4.928835,4.9210224,4.915163,5.3096943,5.923952,5.8360615,6.458132,7.6749287,7.098757,5.823366,4.31653,3.408327,2.8323994,1.7711201,0.7266865,1.4622822,-4.194212,1.0928974,0.31360054,-1.3524151,-1.8104229,-0.95007133,-1.1190166,-1.140501,-2.5594463,-3.4969463,-3.0770245,-2.6395245,-2.741087,-2.4344463,-1.8026104,-1.249876,-0.9715557,-1.1463604,-2.2938213,-2.0965557,-1.3787823,0.06653023,0.35559273,-0.3494854,-1.2664776,-0.76452446,-0.14440727,-0.20397758,-0.75964165,-0.5545635,-0.46569633,0.046998978,0.67248726,1.0872822,2.2771626,2.916872,3.2261982,3.1021748,2.6451435,1.4136982,-0.14440727,-1.2166729,-1.3016338,-2.0653057,-3.9578838,-2.6590557,-3.7918682,-3.0047588,-2.5926495,-1.5125713,-0.25475883,0.68860054,2.0202656,3.1075459,4.2823505,5.3448505,6.4561787,7.182741,7.6710224,7.56946,7.555788,7.008913,6.6280537,7.333132,7.6886005,6.522585,4.859499,9.628054,11.532351,12.501101,11.883913,10.739382,9.141726,8.200319,6.8565693,6.145632,5.56946,4.779421,4.911257,4.488405,2.7476826,1.724123,1.9042377,2.6136494,3.1934834,3.847292,3.9903584,4.213991,4.8067646,5.198366,5.2579365,5.352663,5.484499,5.5880146,5.611452,5.399538,4.671999,4.795046,4.7042255,4.0909443
37,2.6107059,0.64024687,0.81798124,1.2361941,1.154407,3.6407351,3.8970828,2.6841922,3.1246219,1.4742312,3.2613406,2.7120242,1.881885,0.47862577,2.650989,0.5792117,0.21788359,-0.036999226,-1.5096555,-0.25477266,-2.1483274,-2.081921,-1.7489133,-2.6639524,-2.3729367,-1.4618039,-1.2489133,-0.5848508,-0.5555539,-0.9901242,-0.30750704,-0.7694211,-3.4452024,-3.6678586,-3.9432492,-2.4608274,-1.829968,1.1649051,0.34581327,-0.07801485,-1.345593,-5.392468,-6.828015,-6.6366086,-5.0389524,-2.7479367,1.9022555,1.0298953,4.265735,-0.59363985,3.920032,4.9708133,5.666126,3.4659305,3.3746219,3.9610476,5.181751,5.290149,5.5489383,5.368274,5.496204,5.529407,5.254993,5.3760867,5.3028445,3.9932742,4.9952273,5.692493,6.7051883,5.087024,7.650501,7.7891726,6.9102664,5.3809695,3.8272586,3.0074344,1.7358279,0.81993437,-0.38465548,0.15977812,-5.036999,-0.03846407,-1.5877805,-2.535046,-2.9178586,-2.3651242,-2.6307492,-2.751843,-3.2577024,-3.6698117,-3.2772336,-2.910046,-3.1561399,-2.6952024,-2.5272336,-2.2166867,-1.620007,-1.9315305,-2.814343,-2.7909055,-2.6307492,-1.3377805,-0.26063204,0.08165312,-1.8114133,-1.8973508,-1.3436399,-1.4666867,-1.6844602,-1.204968,-0.72156954,0.045520306,0.85948515,0.80968046,1.6469607,2.6260867,3.2247195,3.086536,2.1363406,1.2938113,0.057727337,-0.89832735,-1.6053586,-2.175671,-4.4627805,-3.2303586,-4.3065305,-3.7596555,-3.7303586,-3.048718,-1.9032102,-0.9119992,1.657825,2.5013309,3.519153,4.451282,5.4434695,6.0196414,6.4258914,7.015735,6.931751,6.277454,6.5665164,7.7051883,7.904407,7.076282,4.3702273,6.8360476,9.660267,10.777454,10.254017,9.328236,7.857532,6.9122195,5.942493,5.1378055,4.395618,3.7647586,2.9644656,2.2332644,0.5850711,-0.4383664,0.028918743,0.85411406,1.5748172,2.1528811,1.793201,2.0895877,3.2178836,3.6656375,3.5943484,3.3033328,3.5142703,3.7193484,3.9488406,4.147571,3.8287234,3.6192508,3.7486453,3.3482547
38,2.2834792,1.1347976,-0.020475864,0.33841085,0.45486593,1.0019851,1.8451247,1.6065383,0.91360617,0.5808425,1.8131423,2.0285964,1.1427321,0.12503195,1.7294021,1.0354323,0.34866476,0.34182882,-1.2475266,0.30130148,-2.269011,-2.190886,-1.7992845,-2.472136,-2.05905,-1.4057298,-0.8715501,-1.519011,-1.8197923,-2.097136,-0.7699876,-1.6235032,-3.9281907,-3.8676438,-3.8617845,-2.5629563,-2.0151048,-0.12350321,0.04739523,-0.38033915,-2.0063157,-5.4106126,-7.3793626,-6.8012376,-6.494597,-1.9760423,1.4912429,1.1245437,5.277864,0.6062331,4.476106,5.2768874,6.522981,3.9018874,3.715364,4.507356,5.927278,5.085481,4.923372,5.019075,5.34427,5.4126296,5.438997,5.927278,5.360872,3.567903,4.576692,5.3081374,5.5893874,6.179231,7.522981,7.8843093,5.5425124,4.036653,3.425325,1.5278945,0.23489523,0.2226882,-0.5165696,-0.659636,-5.904753,-1.1606126,-2.822722,-4.4281907,-3.4926438,-3.400847,-2.3969407,-2.8363938,-2.49655,-3.228972,-3.0004563,-2.8266282,-3.2641282,-2.7367845,-2.7778,-2.4506516,-1.9955735,-2.0307298,-2.8500657,-2.807097,-3.010222,-1.8481126,-0.48678446,0.62381124,-0.88815165,-2.440886,-2.5404954,-2.5541673,-2.2006516,-1.862761,-1.2035813,-0.5981126,0.44461203,0.4209304,-0.06539774,0.84085226,1.8912673,2.586946,0.62869406,0.81424093,0.045930386,-0.68502665,-1.9145188,-3.0004563,-4.7543626,-4.3969407,-5.0180345,-4.7524095,-4.8305345,-4.076628,-3.3363938,-2.8305345,-0.428679,2.234651,2.8100905,3.5239577,4.8589187,5.62845,5.8706374,6.6694655,6.3569655,5.7847,6.351106,7.1655593,6.929231,6.6557937,3.7573562,4.397981,8.3022785,9.204622,9.00345,7.9722,6.991731,5.989778,4.779817,3.811067,3.2383132,2.8388991,1.4099288,0.5671706,-0.70553446,-1.3871751,-0.6967454,0.3296218,1.2665725,1.8519607,1.1473708,1.0682693,2.3147292,3.1865554,3.3672194,2.4223952,2.3240066,2.7060866,3.192903,3.9077468,3.4136062,2.956575,3.2671218,2.826692
39,2.3049498,2.1045103,-0.19529426,-0.07908332,-0.15134895,-0.32127082,-0.66404426,0.89186394,-0.2045716,-0.48777473,0.5442077,1.4690887,0.41359246,-0.48142707,0.73927605,1.0133239,0.50075066,0.4043151,-1.0165833,0.6145202,-2.2402163,-2.2773256,-1.7109193,-2.1288881,-1.8329896,-1.3896302,-0.8212708,-1.7031068,-2.0771303,-2.3427553,-1.0937318,-2.3574038,-3.8173647,-3.8779116,-3.729474,-2.7255678,-2.2597475,-1.3271302,-0.45652473,-0.8661927,-2.055646,-5.0029116,-7.307599,-6.0009584,-6.5302553,-1.1454896,1.4643279,1.6652404,5.8076353,1.3891708,4.8652525,5.284198,7.211932,4.614276,4.143573,5.426776,6.305682,4.9863462,5.07619,5.4990416,5.1972837,5.444354,5.696307,5.551776,4.459979,3.1919127,4.4795103,4.926776,5.5166197,6.551776,7.350604,7.1552916,3.7998228,2.5464048,1.4860107,0.6279479,-0.22068489,-0.06589973,-0.61521614,-1.347638,-6.5810366,-1.8652161,-3.0966616,-5.9228334,-3.807599,-4.3896303,-1.6318177,-1.916974,-1.9863099,-2.8193178,-2.7685366,-2.5429506,-3.165021,-2.7783022,-2.823224,-2.416974,-1.910138,-2.0224428,-2.807599,-2.526349,-3.0849428,-2.2040834,-0.8222474,0.30421746,-0.58103645,-3.463849,-3.7099428,-4.0966616,-3.2314272,-3.1240053,-1.9521302,-1.8915833,-0.62498176,-0.7363099,-1.5947083,-1.1259583,0.15822136,1.2677795,0.27882683,0.2407409,-0.03513801,-0.9990052,-2.5908022,-3.760724,-4.7392397,-5.0185366,-5.336896,-5.418927,-5.7236147,-4.5204897,-4.043927,-3.8915834,-2.1943178,1.2539245,2.0888853,2.2077818,3.6347837,5.1972837,5.1191587,5.9834166,5.600604,5.321307,6.049823,6.100604,5.627948,5.1894712,3.0859556,3.0771666,7.1884947,7.694354,7.680682,6.9795103,6.131854,5.2177916,3.881854,2.8686705,2.879901,2.3896666,0.36622918,-0.26316535,-1.1318177,-1.3447083,-0.6533021,0.43580925,1.528247,2.2700377,1.3494445,1.2867614,2.2466002,3.3691587,3.79494,2.7822447,2.0722837,2.3281431,2.8164244,4.395526,3.536151,2.7544127,3.4541197,2.897479
40,2.2117882,2.2335167,-0.45056522,-0.46033084,-0.6829871,-0.87439334,-1.6087683,0.3121301,-1.1419715,-1.2620887,-0.54626834,1.0035363,-0.32263553,-0.9847449,-0.10193241,0.37755978,0.5093957,0.38634884,-0.9642371,0.6993371,-2.2240028,-2.3226357,-1.5550574,-1.8968543,-1.6693152,-1.4349402,-1.009159,-1.9007605,-2.2337685,-2.5990028,-1.3890418,-2.7689247,-3.6380653,-3.7532997,-3.6263466,-2.897831,-2.538456,-2.34412,-0.8753699,-1.618534,-2.18787,-4.804081,-6.7786903,-5.0931435,-5.884159,-0.7015418,1.903927,2.3553429,5.6549034,2.4464073,5.341427,5.508419,7.2681847,4.997677,4.5425987,6.0279503,6.1236534,4.9381065,5.191036,5.6724815,5.4517784,5.8736534,5.5924034,4.796505,3.5792198,2.8707237,4.423458,4.597286,5.272091,6.3463097,6.395138,6.0963097,2.8907433,1.2202111,0.7718469,0.47912228,-0.35046756,-0.56677616,-0.89783084,-1.7406043,-6.868534,-2.210331,-2.602909,-5.1224403,-3.819706,-4.2318153,-1.0472449,-1.5374793,-1.649784,-2.6146278,-2.6146278,-2.3450966,-2.9095497,-2.7630653,-2.8548622,-2.4017372,-1.986698,-2.0081825,-2.7669716,-2.4056435,-3.0950966,-2.571659,-1.4115027,-0.29089725,-1.0423621,-4.7181435,-4.6693153,-5.306034,-3.9798622,-4.052128,-2.9329872,-2.929081,-1.5208777,-1.6761512,-2.7552528,-2.5833778,-1.1400183,-0.06433475,-1.221073,-1.0189246,-1.2611121,-1.6351355,-2.929081,-3.9193153,-4.786503,-5.1595497,-5.2357216,-5.542362,-5.692753,-4.6243935,-4.1536903,-4.3782997,-3.3431435,0.18029416,1.2265588,1.2131311,2.895626,4.265255,4.0894737,4.9625206,4.6656456,4.626583,5.631466,5.1363487,4.8111534,4.234005,2.393917,2.693966,6.3404503,6.6724815,6.8404503,6.088497,5.289669,4.520138,3.381466,2.6641808,2.8585167,2.2855186,-0.10828006,-0.52771366,-0.94763553,-1.0540808,-0.4173621,0.6500207,1.9749719,2.6007042,1.5427514,1.5149499,2.4156456,3.4473839,3.907833,3.2383995,2.38171,2.443966,2.8360558,4.517208,3.8218956,2.859005,3.9644737,3.518673
41,1.8676299,1.8875273,-0.78709424,-0.75291455,-1.1025239,-1.2411958,-2.0849457,-0.31199658,-2.1122894,-1.8525239,-1.4355317,0.466812,-0.9775239,-1.416977,-0.84373486,-0.49803174,0.23829639,0.2588042,-0.9775239,0.7089995,-2.177719,-2.2890472,-1.4228364,-1.7333833,-1.5302583,-1.5283052,-1.3652192,-2.1015472,-2.3603363,-2.838852,-1.6386567,-2.9697113,-3.5478363,-3.5868988,-3.5341644,-3.0927582,-2.8583832,-3.088852,-1.3691255,-2.63768,-2.2509613,-4.434555,-6.0693207,-4.2704926,-5.026352,-0.37010205,2.4460602,2.8237457,5.435562,2.572525,5.8525543,6.002945,7.208023,5.141617,4.775406,6.252945,5.704117,5.1689606,5.3681793,5.509781,5.610367,6.000992,5.2588043,4.103531,3.1274567,2.645523,4.2675934,4.2246246,4.959976,6.034195,5.2675934,5.4062653,2.395523,0.6818999,0.14649951,0.115249515,-0.47654736,-0.89353955,-1.151352,-2.0624847,-6.961899,-2.4208832,-2.151352,-4.5810394,-3.9150238,-3.79393,-0.7177583,-1.3574067,-1.4286958,-2.45018,-2.4618988,-2.1972504,-2.6767426,-2.7529144,-2.8798676,-2.416977,-2.1230316,-1.9931489,-2.713852,-2.3124847,-2.98143,-2.7900238,-1.9120942,-0.9970552,-1.8691255,-5.8310394,-5.493149,-6.211899,-4.5849457,-4.8290863,-3.715805,-4.180649,-2.4111176,-2.5536957,-3.79393,-3.7529144,-2.1767426,-0.9179536,-2.3798676,-1.955063,-2.541977,-2.41893,-3.135727,-3.9267426,-4.776352,-5.247055,-5.139633,-5.5322113,-5.3642426,-4.5224457,-4.1435394,-4.5029144,-4.4384613,-0.69041455,0.27003467,0.46925342,2.1819,3.4443512,3.4243317,4.121109,3.6709137,4.076187,5.1650543,4.58107,4.3213043,3.7031403,1.8250273,2.6967926,5.7744293,5.846695,6.051773,5.3515778,4.3027496,4.0234528,3.1792145,2.7758942,2.9238434,2.317154,-0.17430127,-0.46873486,-0.72459424,-0.7587739,-0.08836377,0.88893116,2.2888336,2.6880035,1.723831,1.7588347,2.6394196,3.4433746,3.846695,3.5161285,2.8877106,2.8437653,3.2036285,4.666031,4.0312653,3.1049957,4.292984,4.042984
42,1.5267037,1.3811044,-1.0920707,-1.0217582,-1.4914848,-1.5783988,-2.3283987,-0.86648476,-3.0969534,-2.2912893,-2.2434378,-0.27517617,-2.037383,-1.917266,-1.5881644,-1.5979301,-0.14285195,0.11398399,-0.96316445,0.66915977,-2.120391,-2.1565237,-1.261016,-1.6096488,-1.3948051,-1.6916801,-1.845977,-2.3303518,-2.4787893,-3.1028128,-1.870391,-3.1399221,-3.4758596,-3.5032034,-3.4465628,-3.3117971,-3.2063284,-3.4075003,-1.8381644,-3.8782034,-2.3303518,-4.1321096,-5.233672,-3.4231253,-4.093047,-0.1648246,2.9049997,3.2507029,5.4372263,2.398408,6.2780466,6.5573435,7.0260935,5.118867,4.8923044,6.156953,5.2272654,4.9997263,5.1354685,5.344453,5.2467966,5.787812,4.8698435,3.5788279,2.8073435,2.3752146,4.042695,3.915742,4.4704294,5.4616404,4.4167185,4.944062,2.0654001,0.43283165,-0.13406289,-0.53103554,-0.7405082,-1.2170707,-1.2483207,-2.3401175,-6.9875784,-2.5315237,-1.7170707,-4.2239065,-4.055938,-3.2571096,-0.67898476,-1.2248832,-1.252227,-2.3069143,-2.332305,-2.091094,-2.4963675,-2.7200003,-2.8996878,-2.4426565,-2.25418,-1.970977,-2.637969,-2.238555,-2.6965628,-2.9407034,-2.4582815,-1.7727348,-3.1399221,-6.764922,-6.184844,-6.948516,-5.229766,-5.401641,-4.243438,-5.3196096,-3.3528128,-3.403594,-4.8489065,-4.778594,-3.1633596,-1.8088676,-2.9075003,-2.8430471,-3.4055471,-3.354766,-3.5188284,-3.950469,-4.7258596,-5.343047,-5.3137503,-5.274688,-4.9563284,-4.3137503,-4.077422,-4.4231253,-5.278594,-1.8694144,-0.47146523,-0.014922261,1.5550545,2.730195,2.7189646,3.3913279,2.7673044,3.6266794,4.5866404,4.3991404,4.020234,3.5329294,1.3262643,2.855195,5.404023,5.3268747,5.547578,4.7555857,3.2922068,3.613984,3.164277,3.073945,3.004609,2.3329782,0.12521446,-0.16580117,-0.41433632,-0.4880668,0.32882774,1.122773,2.5104685,2.6305857,1.9292916,2.1044626,2.8859568,3.3727732,3.721406,3.7467966,3.493867,3.3874216,3.707734,4.8678904,4.2799997,3.4792185,4.578828,4.294648
43,1.2355186,0.80852044,-1.2838868,-1.2780274,-1.8229493,-1.9528321,-2.6100588,-1.4938477,-3.6325197,-2.6627932,-2.948926,-1.2106446,-3.0934572,-2.4840822,-2.3131838,-2.8786135,-0.71943367,-0.094433665,-0.93037117,0.5776855,-2.0368166,-1.8756837,-1.0583009,-1.5211915,-1.2770509,-1.9245118,-2.3600588,-2.573926,-2.6022463,-3.3473635,-2.1325197,-3.2204103,-3.3766603,-3.3825197,-3.3786135,-3.558301,-3.654004,-3.6500978,-2.5631838,-4.714551,-2.518262,-3.7887697,-4.073926,-2.5954103,-3.138379,-0.1925782,3.448535,3.4563475,5.297168,2.7903318,6.709277,7.006152,6.865527,4.984668,4.830371,5.8206053,4.8645506,4.794238,4.7551756,4.837207,4.6438475,5.2756834,4.484668,3.139453,2.5671873,2.0056639,3.658496,3.6956053,3.886035,4.542285,3.5784178,4.457324,1.8564941,0.3403808,-0.19941413,-0.7829102,-1.1217774,-1.544629,-1.256543,-2.4391603,-6.931348,-2.5250978,-1.2614259,-3.7848635,-4.040723,-2.732129,-0.7653321,-1.1217774,-1.1120118,-2.176465,-2.2184572,-2.0504885,-2.3893557,-2.6784182,-2.9059572,-2.5075197,-2.450879,-1.982129,-2.4791994,-2.1666994,-2.3522463,-2.8610353,-2.8981447,-2.627637,-4.4899416,-7.747754,-6.9899416,-7.591504,-6.015332,-6.0075197,-4.7985353,-5.652051,-4.556348,-4.388379,-5.821973,-5.6579103,-4.015332,-2.810254,-3.4372072,-3.4840822,-3.8375978,-4.011426,-3.997754,-4.1442385,-4.775098,-5.384473,-5.593457,-4.995801,-4.6598635,-4.1891603,-3.9684572,-4.275098,-5.8610353,-2.8356447,-1.3444337,-0.75068367,0.80974114,1.8530761,2.214404,3.0315428,2.6321287,3.200488,3.972949,4.240527,3.9583006,3.778613,0.95036614,3.0881834,5.1018553,4.843066,5.1750975,4.519824,2.4182615,3.3499022,3.2581053,3.4231443,3.0813475,2.345996,0.7568847,0.26567376,-0.11103523,-0.16767585,0.7900878,1.384204,2.6301756,2.5183592,2.1504393,2.4177732,3.085742,3.345996,3.6106443,3.8899412,3.9719725,3.8557615,4.1526365,5.1008787,4.4768553,3.966113,4.7307615,4.3889647
44,1.2039324,0.080580354,-1.6391462,-1.494615,-2.140123,-2.3862166,-2.9604354,-2.025865,-3.8627791,-2.930162,-3.4877791,-2.2543807,-3.9409041,-3.108873,-3.001451,-4.157701,-1.4838728,-0.30272043,-0.8710798,0.47779715,-1.8969587,-1.4379743,-0.8344587,-1.4516462,-1.2016462,-2.2250838,-2.8100448,-2.8315291,-2.6899276,-3.6069198,-2.4272323,-3.267076,-3.251451,-3.2612166,-3.3061385,-3.7729354,-4.1205916,-4.3198104,-3.4487166,-5.423326,-2.876451,-3.5092635,-2.8686385,-1.7436384,-2.1860213,-0.5688337,4.1762834,3.7368302,4.962416,3.4155412,6.936049,7.357924,6.748549,4.882338,4.6176896,5.5083146,4.587416,4.545424,4.4594865,4.409682,4.0669084,4.5688615,4.123549,2.7793107,2.376967,1.7563616,3.4028459,3.4526505,3.3432755,3.7602677,2.6298966,3.80226,1.6728655,0.39967215,-0.45799387,-0.90086496,-1.315904,-1.7426618,-1.1557478,-2.338365,-6.767076,-2.4096541,-0.86473215,-3.1928573,-3.657701,-2.2377791,-0.94041574,-1.0336775,-0.99461496,-2.057115,-2.1186385,-2.0659041,-2.3100448,-2.626451,-2.892076,-2.5942245,-2.6284041,-2.0424666,-2.3217635,-2.093248,-2.0219588,-2.6274276,-3.233873,-3.4623885,-5.722154,-8.649888,-7.5717635,-7.9155135,-6.686998,-6.5268416,-5.1518416,-5.6674666,-5.425279,-5.315904,-6.5541854,-6.376451,-4.7397323,-3.7944198,-4.048326,-3.9272323,-4.0541854,-4.3803573,-4.310045,-4.48192,-4.9272323,-5.3491073,-5.563951,-4.9780135,-4.51317,-4.048326,-3.8510604,-4.2241073,-6.0873885,-3.7592635,-2.0991073,-1.5668806,-0.059556365,1.1238543,1.8115374,2.7754045,2.5781388,2.9072404,3.4682755,4.0776505,4.0151505,4.038588,0.68665946,3.241713,4.6196427,4.394057,5.0200334,4.3081193,1.972426,3.224135,3.4155412,3.6782365,3.1450334,2.352553,1.5124651,0.6537005,0.16285574,0.14649832,1.1924578,1.6189104,2.7002091,2.4458146,2.3676896,2.7129045,3.2534318,3.349135,3.522963,3.9956193,4.3452287,4.281752,4.5415177,5.3032365,4.670424,4.4008927,4.824721,4.4282365
45,0.91141635,-0.84319943,-1.9125354,-1.679137,-2.4613636,-2.8744495,-3.279723,-2.6527698,-4.11566,-3.1430042,-4.0297227,-3.375426,-4.598082,-3.7875354,-3.6156604,-5.2758164,-2.4037464,-0.56194943,-0.7890002,0.38824588,-1.6849964,-0.88470334,-0.55901974,-1.3881214,-1.1771839,-2.5599964,-3.2758167,-3.0951526,-2.7299182,-3.8187854,-2.7211292,-3.3051136,-3.1976917,-3.1644886,-3.2230823,-3.9789417,-4.551207,-5.172301,-4.5414414,-6.1390977,-3.3383167,-3.2289417,-1.8363636,-0.8964221,-1.2474964,-1.2719104,4.8443007,4.6704726,4.5122695,3.8853161,6.966371,7.5366836,6.5210586,4.7515273,4.346254,5.2573867,4.341371,4.270082,4.2271132,4.0855117,3.6138318,3.983949,3.8130505,2.4917614,2.2197888,1.3931286,2.9712536,3.1431286,2.867738,3.1460583,1.9497693,3.093324,1.3958142,0.24420291,-0.62884396,-0.950133,-1.3363636,-1.7787464,-0.91546506,-2.0775745,-6.504332,-2.2289417,-0.5209338,-2.4115589,-3.1937854,-1.7328479,-1.0814807,-0.95159787,-0.89788693,-1.944762,-2.0277698,-2.1264026,-2.234801,-2.5599964,-2.857848,-2.6976917,-2.757262,-2.1303089,-2.1449573,-2.0111682,-1.6264026,-2.3383167,-3.3793323,-4.191832,-6.475035,-9.230895,-7.926207,-7.9808946,-7.109801,-6.7582383,-5.4945664,-5.658629,-5.814879,-5.9965196,-6.7445664,-6.6547227,-5.266051,-4.6176133,-4.566832,-4.2328477,-4.1840196,-4.613707,-4.49066,-4.6859727,-5.031676,-5.3871446,-5.4769883,-4.953551,-4.4633164,-3.967223,-3.7387073,-4.2113633,-6.1683946,-4.2601914,-2.547301,-1.9799182,-0.6903674,0.59307986,1.4824841,2.581117,2.591859,2.8384411,3.2007458,3.9116833,4.105043,4.2193007,0.49517947,3.1909802,4.0630507,4.106996,4.952699,4.0884414,1.8040173,3.1743786,3.5718396,3.852113,3.1929333,2.3755505,2.015199,0.88353664,0.37774783,0.3943494,1.4861462,1.8230603,2.7398083,2.4033825,2.58307,2.9888318,3.398988,3.3775036,3.4605114,4.080629,4.6411757,4.6685195,4.8696914,5.511293,4.8609023,4.815004,4.888246,4.4458632
46,-0.1837216,-1.826788,-2.1187801,-1.8463192,-2.7652645,-3.3873348,-3.6119442,-3.2740536,-4.436163,-3.3189754,-4.68421,-4.5826473,-5.0513973,-4.533819,-4.074835,-6.05921,-3.375616,-0.76575285,-0.6856747,0.31579012,-1.3971004,-0.3243466,-0.20422941,-1.3170223,-1.1998348,-2.9263973,-3.7760067,-3.326788,-2.7359676,-3.9498348,-3.038702,-3.326788,-3.1451473,-3.083624,-3.1471004,-4.1939754,-4.9303036,-5.5396786,-5.654913,-6.8170223,-4.315069,-2.9625301,-0.95569426,-0.12805754,-0.37512785,-2.2437801,4.9642277,5.925165,3.7249699,4.195673,6.905634,7.4915714,6.06579,4.570673,4.0491886,5.06579,4.1497746,4.044306,4.0609074,3.8773136,3.3480167,3.6634464,3.5687199,2.249384,2.08288,1.0889835,2.4862003,2.784052,2.4446964,2.626337,1.4966984,2.3470402,0.9672794,0.033075273,-0.78430754,-0.998663,-1.3150692,-1.7066708,-0.6158505,-1.7301083,-6.1353817,-2.0191708,-0.23450285,-1.4781551,-2.7027645,-1.2125301,-1.1803036,-0.87268645,-0.81555754,-1.8375301,-1.9469051,-2.2320614,-2.1754208,-2.4732723,-2.8033504,-2.795538,-2.842413,-2.2183895,-1.9722958,-1.9254208,-1.3560848,-2.0113583,-3.4869442,-4.731085,-6.5396786,-9.477179,-8.039679,-7.8951473,-7.2271786,-6.846319,-5.8072567,-5.6471004,-5.8951473,-6.236944,-6.74671,-6.748663,-5.547491,-5.158819,-4.9908504,-4.4771786,-4.299444,-4.734991,-4.592413,-4.80921,-5.1041317,-5.4166317,-5.406866,-4.924444,-4.4439754,-3.9029598,-3.6529598,-4.1783504,-6.1939754,-4.5396786,-2.8472958,-2.2183895,-1.0885067,0.15856355,1.2181339,2.3983097,2.657587,2.843134,3.0247746,3.7366886,4.2015324,4.4183292,0.35973543,3.086298,3.6517277,3.9564152,4.9153996,3.867548,1.7713566,3.1634464,3.7073917,3.9710636,3.2308292,2.4027042,2.30163,1.0044498,0.57262605,0.61083406,1.7069035,1.985712,2.7801456,2.377802,2.7933292,3.2415714,3.523798,3.4241886,3.4241886,4.1478214,4.8753605,5.0091496,5.138056,5.7142277,5.0423527,5.1966496,4.9290714,4.450556
47,-1.6289467,-2.7080483,-2.2607827,-2.0088296,-3.03715,-3.9180093,-4.0059,-3.7168374,-4.681681,-3.459025,-5.552775,-5.753947,-5.335978,-5.4394937,-4.509806,-6.4492593,-4.2988687,-0.9297279,-0.57425916,0.26070178,-1.0547279,0.13570178,0.3083092,-1.235392,-1.2607826,-3.3144937,-4.271525,-3.4785562,-2.7119546,-4.023478,-3.3789468,-3.3281655,-3.0937905,-3.0117593,-3.0762124,-4.400431,-5.2461343,-5.863322,-6.6894937,-7.3613687,-5.2969155,-2.6943765,-0.19144666,0.57124865,0.43257678,-3.6230874,4.061483,5.8905845,2.748983,4.6542563,6.664022,7.1230063,5.6112876,4.3388267,3.7812095,4.766561,4.047811,3.813436,3.8642173,3.657186,3.210897,3.5155845,3.4013267,2.0368247,1.9540612,0.6886803,1.9452721,2.5800376,2.2240806,2.198934,1.2030846,1.6145836,0.5224205,-0.12113416,-0.88480604,-1.0742592,-1.2988685,-1.5781654,-0.4170326,-1.3486732,-5.712931,-1.7148842,0.06587756,-0.5786537,-2.2060952,-0.6802162,-1.2588295,-0.7939857,-0.7451576,-1.7295326,-1.8740638,-2.3750405,-2.1191812,-2.3633218,-2.7305093,-2.896525,-2.8906655,-2.304728,-1.7891029,-1.8389076,-1.2012123,-1.5810951,-3.5684,-4.9219155,-5.9492593,-8.990274,-8.017618,-7.8574624,-7.1426187,-6.8730874,-6.084025,-5.632853,-5.8769937,-6.320353,-6.6582437,-6.7559,-5.7051187,-5.535197,-5.3398843,-4.6738687,-4.398478,-4.8184,-4.6855874,-4.878947,-5.148478,-5.431681,-5.3418374,-4.8887124,-4.431681,-3.8457437,-3.570353,-4.1055093,-6.1875405,-4.707072,-3.0605874,-2.3691812,-1.3701576,-0.2139076,0.9756676,2.2331138,2.763143,2.8700767,2.88619,3.5556235,4.2880454,4.5849204,0.25581896,2.9980063,3.3261313,3.8349204,4.884725,3.670858,1.8214928,3.1689048,3.820272,4.0575767,3.26119,2.422811,2.450643,1.0689903,0.7536217,0.8042809,1.8776451,2.120809,2.8232017,2.363729,2.9906821,3.467733,3.6288657,3.483358,3.4032798,4.1942954,5.054647,5.2968345,5.349569,5.9062095,5.2138267,5.537069,4.949178,4.4442954
48,-3.1499548,-3.3989782,-2.3667517,-2.1665564,-3.2837439,-4.421439,-4.417533,-3.9097204,-4.7085485,-3.5874548,-6.3647985,-6.82183,-5.483939,-6.3647985,-5.011283,-6.54058,-5.0210485,-0.988822,-0.43877313,0.21363166,-0.6504431,0.47959235,0.7868128,-1.1401892,-1.351615,-3.7065954,-4.7827673,-3.5210485,-2.6480017,-4.0483923,-3.7554235,-3.3120642,-3.0435095,-2.9468298,-3.0024939,-4.60308,-5.495658,-6.2866735,-7.6284704,-7.7690954,-6.1929235,-2.4233923,0.52948856,1.1942835,1.1911097,-5.1890173,2.5170374,4.094186,1.4430628,5.11567,6.111764,6.6332483,5.2602015,4.064889,3.5082483,4.162545,3.9906702,3.4838343,3.5219202,3.2738733,3.0590296,3.3920374,3.3129358,1.8383265,1.8241663,0.33185676,1.3988733,2.4013147,2.1439905,1.7772913,1.0294886,1.1007776,0.16523078,-0.30303094,-0.9155798,-1.1426306,-1.2695837,-1.4307165,-0.30718133,-0.9775915,-5.276908,-1.3667517,0.3866358,0.1404505,-1.7183142,-0.24468133,-1.3462439,-0.7124548,-0.6836462,-1.6147985,-1.801322,-2.53765,-2.075736,-2.2173376,-2.6304235,-2.97515,-2.9360876,-2.3940954,-1.5972204,-1.747611,-1.0908728,-1.0220251,-3.591361,-4.69683,-5.024955,-7.8784704,-7.921439,-7.7105017,-6.968314,-6.856986,-6.310111,-5.6108923,-5.8140173,-6.325736,-6.5483923,-6.716361,-5.7847204,-5.8042517,-5.6265173,-4.827689,-4.4741735,-4.8667517,-4.763236,-4.9136267,-5.169486,-5.4272985,-5.276908,-4.841361,-4.417533,-3.7905798,-3.4927282,-4.0073767,-6.155814,-4.808158,-3.216361,-2.4702673,-1.5864782,-0.54204464,0.7654505,2.0819788,2.8978968,2.9008265,2.7650843,3.3686,4.359811,4.7309046,0.20557502,2.9311,3.051217,3.7260218,4.848092,3.4984827,1.9047327,3.1781702,3.9066858,4.116647,3.283639,2.4325647,2.5150843,1.1088343,0.92060184,0.9733362,2.0116663,2.2313929,2.8656702,2.35151,3.1615686,3.6635218,3.714303,3.5346155,3.3764124,4.20942,5.1801233,5.506295,5.502389,6.0766077,5.359811,5.828561,4.941842,4.4213343
49,-4.3071556,-3.9331322,-2.42239,-2.3003197,-3.4477806,-4.748562,-4.7094994,-3.8813744,-4.561062,-3.7339134,-6.957546,-7.670437,-5.54739,-6.8540306,-5.6684837,-6.3403587,-5.514187,-0.8796655,-0.2741967,0.1673316,-0.13429269,0.71603763,1.5649146,-1.0320092,-1.4624292,-4.0844994,-5.248562,-3.4165306,-2.4985619,-4.020046,-4.069851,-3.2534447,-2.9966087,-2.8833275,-2.913601,-4.8344994,-5.686062,-6.688015,-8.4458275,-7.8716087,-6.8696556,-2.1333275,1.1601294,1.7363013,1.8222388,-6.7153587,1.3803443,1.6977271,-0.20919427,5.388157,4.999485,5.9897194,4.8686256,3.7133522,3.2680397,3.0209694,3.6576881,2.9477272,3.0561256,2.7123756,2.662571,3.1684303,3.1049538,1.6391333,1.680149,-0.09194574,0.9140357,1.852024,2.0922585,1.5038794,0.9413794,0.725315,-0.16346368,-0.5473901,-0.889187,-1.2510034,-1.1841089,-1.2602807,-0.17939386,-0.63967526,-4.9341087,-0.74245846,0.78635013,0.6615943,-1.2583276,0.13840094,-1.4101831,-0.6238061,-0.6225854,-1.4785424,-1.72073,-2.7085228,-2.0102806,-2.01614,-2.4634056,-2.9819603,-2.9409447,-2.4272728,-1.3174096,-1.6406518,-0.97976315,-0.29702386,-3.5434837,-4.395046,-4.3520775,-6.426296,-7.7622337,-7.4458275,-6.7407494,-6.79739,-6.4809837,-5.5747337,-5.717312,-6.2739525,-6.4009056,-6.6313744,-5.801296,-5.986843,-5.846218,-4.941921,-4.5219994,-4.8852806,-4.8188744,-4.9165306,-5.1626244,-5.4009056,-5.201687,-4.7778587,-4.395046,-3.7290306,-3.4116478,-3.8882103,-6.1040306,-4.8559837,-3.3257103,-2.5356712,-1.7563745,-0.82351315,0.5739478,1.9408911,3.0502663,2.9242897,2.6479225,3.178196,4.4096413,4.8510475,0.17648688,2.8686256,2.8315163,3.6098366,4.792454,3.350071,1.985813,3.1762428,3.9643288,4.1459694,3.2914772,2.4262428,2.523899,1.1342505,1.0727271,1.1127661,2.1147194,2.3061256,2.9018288,2.32761,3.2953835,3.820774,3.773899,3.5610085,3.3237038,4.1811256,5.245579,5.6615944,5.5873756,6.1811256,5.466282,6.0678444,4.8940163,4.372532
50,-5.075832,-4.160793,-2.4186053,-2.4054217,-3.4547381,-4.5748553,-4.477199,-3.602199,-3.7379413,-3.8141131,-6.9586444,-8.112941,-5.485988,-6.71841,-5.7750506,-5.6324725,-4.9898944,-0.4595598,-0.06435716,0.16293776,0.50180495,0.8499495,2.0267072,-0.90200365,-1.5875505,-4.399074,-5.595363,-2.9879413,-2.1739764,-3.9029803,-4.296535,-3.0904803,-2.9117694,-2.7818866,-2.774074,-5.046535,-5.747707,-7.013332,-8.93716,-7.122707,-6.6617694,-1.7833513,1.6917464,2.2015119,2.3401837,-7.4625506,0.9021956,-0.5416826,-2.4576678,4.3655744,3.7737775,4.9183087,4.201512,3.2386212,2.9476056,1.7503401,2.6751447,2.1507306,2.2454572,1.9905745,1.9466292,2.5032697,2.4905744,1.4021956,1.4935042,-0.4357561,0.5003401,1.1487776,1.8841292,1.0877424,0.78061354,0.27328932,-0.40725267,-0.8136858,-0.7355608,-1.1842302,-0.9701189,-1.0891374,-0.11196458,-0.35946214,-4.8180194,0.2996565,1.194676,0.9720198,-0.8248552,0.463719,-1.4681658,-0.5227312,-0.54792345,-1.2953142,-1.6026872,-2.8092303,-1.8961443,-1.7174333,-2.084621,-2.5733905,-2.7701678,-2.2872577,-0.90359056,-1.3856462,-0.6710466,0.41586745,-3.399074,-3.633449,-3.341457,-4.763332,-7.5094256,-7.0504413,-6.433254,-6.671535,-6.5719256,-5.5055194,-5.579738,-6.15591,-6.204738,-6.485988,-5.747707,-6.077785,-5.997707,-4.997707,-4.527004,-4.859035,-4.839504,-4.8785663,-5.1148944,-5.3336444,-5.0992694,-4.6813006,-4.3443866,-3.6520038,-3.3180194,-3.742824,-6.0191913,-4.8473163,-3.390285,-2.5704608,-1.892238,-1.0382341,0.38583815,1.8069807,3.205418,2.9261212,2.5218244,2.9729962,4.4163556,4.9144025,0.16537917,2.797215,2.6351056,3.4788556,4.6936994,3.2142072,2.0501447,3.1448712,3.971043,4.127293,3.2718244,2.399754,2.491551,1.1487776,1.1829573,1.2107893,2.181004,2.3323712,2.9144025,2.2806134,3.384129,3.922215,3.7913556,3.5511212,3.2425275,4.1019025,5.236668,5.7288556,5.5882306,6.2308087,5.498387,6.1800275,4.810887,4.299168
51,-6.370332,-4.151582,-2.1174018,-2.3595893,-2.987519,-3.5929878,-3.4435737,-2.6183784,-2.6330268,-3.284394,-5.3156443,-6.7414255,-4.6320505,-5.5246286,-4.516816,-3.9240425,-3.5334175,0.21829143,0.121611744,0.29373088,1.307891,0.6858207,1.7878715,-0.6950387,-1.6911324,-4.3576365,-5.233613,-1.5260934,-1.3403023,-3.2629097,-3.7111518,-2.449433,-2.4054878,-2.548066,-2.4640815,-4.5539255,-4.999238,-6.45041,-7.842988,-5.2258005,-5.5558786,-1.3844918,2.0222466,2.52127,2.1638482,-6.751191,0.38015667,-2.168183,-2.9709175,2.0779107,2.2478325,3.3913872,3.0808403,2.456817,2.2820122,0.40872112,1.123809,0.96804726,0.97097695,1.0017387,0.79373085,0.9026176,1.1775199,1.0154105,1.167266,-0.7759713,0.29104534,0.3047172,1.2507621,0.35647503,0.51418984,0.17947307,-0.05148396,-0.1845406,-0.21737751,-0.39598164,-0.41091236,-0.54171836,-0.20163044,-0.2213448,-4.054902,1.045684,1.2029105,0.9753715,-0.4024056,0.74392617,-1.3232125,-0.3760384,-0.42230305,-0.9696969,-1.0746773,-2.3185737,-1.1103219,-1.1003121,-1.1276559,-1.5524606,-2.0866401,-1.1584176,-0.7061471,-0.9836129,-0.39471516,0.68679726,-3.094941,-2.088105,-1.7194527,-2.3097847,-7.0383005,-6.3156443,-5.872285,-6.376191,-6.4894724,-5.323457,-5.32541,-5.88791,-5.860566,-6.1789255,-5.5383005,-5.9933786,-5.985566,-4.9289255,-4.4240427,-4.7238474,-4.7570505,-4.73166,-4.9601755,-5.1593943,-4.901582,-4.495332,-4.2170115,-3.5197456,-3.1701362,-3.5265815,-5.8156443,-4.7218943,-3.378144,-2.5597847,-1.9884957,-1.2599801,0.19900432,1.6648246,3.3240044,2.8699028,2.3533013,2.6980278,4.3074026,4.873809,0.14871135,2.668731,2.3991997,3.2771294,4.469512,3.0408013,2.0515435,3.0329888,3.8659966,3.9949028,3.1658013,2.3044732,2.371856,1.1433402,1.2492973,1.2483207,2.1658013,2.2810357,2.8503716,2.1814263,3.349395,3.8835747,3.701934,3.4470513,3.059356,3.8933403,5.0710745,5.625762,5.4148245,6.098418,5.360137,6.1179495,4.5691214,4.1003714
